name,full_name,birth_date,age,height_cm,weight_kgs,positions,nationality,overall_rating,potential,value_euro,wage_euro,preferred_foot,international_reputation(1-5),weak_foot(1-5),skill_moves(1-5),body_type,release_clause_euro,national_team,national_rating,national_team_position,national_jersey_number,crossing,finishing,heading_accuracy,short_passing,volleys,dribbling,curve,freekick_accuracy,long_passing,ball_control,acceleration,sprint_speed,agility,reactions,balance,shot_power,jumping,stamina,strength,long_shots,aggression,interceptions,positioning,vision,penalties,composure,marking,standing_tackle,sliding_tackle,defense_attributes,attack_attributes,passing_attributes,pace_attributes
L. Messi,Lionel Andrés Messi Cuccittini,6/24/1987,31,170.18,72.1,"CF,RW,ST",Argentina,94,94,110500000.0,565000.0,Left,5,4,4,Messi,226500000.0,Argentina,82.0,RF,10.0,86,95,70,92,86,97,93,94,89,96,91,86,93,95,95,85,68,72,66,94,48,22,94,94,75,96,33,28,26,45.57142857142857,85.57142857142857,93.0,84.16666666666667
C. Eriksen,Christian  Dannemann Eriksen,2/14/1992,27,154.94,76.2,"CAM,RM,CM",Denmark,88,89,69500000.0,205000.0,Right,3,5,4,Lean,133800000.0,Denmark,78.0,CAM,10.0,88,81,52,91,80,84,86,87,89,91,76,73,80,88,81,84,50,92,58,89,46,56,84,91,67,88,59,57,22,55.142857142857146,76.71428571428571,88.6,75.33333333333333
P. Pogba,Paul Pogba,3/15/1993,25,190.5,83.9,"CM,CAM",France,88,91,73000000.0,255000.0,Right,4,4,5,Normal,144200000.0,France,84.0,RDM,6.0,80,75,75,86,85,87,85,82,90,90,71,79,76,82,66,90,83,88,87,82,78,64,82,88,82,87,63,67,67,73.28571428571429,81.57142857142857,85.8,77.16666666666667
L. Insigne,Lorenzo Insigne,6/4/1991,27,162.56,59.0,"LW,ST",Italy,88,88,62000000.0,165000.0,Right,3,4,4,Normal,105400000.0,Italy,83.0,LW,10.0,86,77,56,85,74,90,87,77,78,93,94,86,94,83,93,75,53,75,44,84,34,26,83,87,61,83,51,24,22,40.57142857142857,72.85714285714286,85.3,82.5
V. van Dijk,Virgil van Dijk,7/8/1991,27,193.04,92.1,CB,Netherlands,88,90,59500000.0,215000.0,Right,3,3,2,Normal,114500000.0,Netherlands,81.0,LCB,4.0,53,52,83,79,45,70,60,70,81,76,74,77,61,87,49,81,88,75,92,64,82,88,41,60,62,87,90,89,84,87.42857142857143,61.142857142857146,69.6,70.66666666666667
K. Mbappé,Kylian Mbappé,12/20/1998,20,152.4,73.0,"RW,ST,RM",France,88,95,81000000.0,100000.0,Right,3,4,5,Lean,166100000.0,France,84.0,RM,10.0,77,88,77,82,78,90,77,63,73,91,96,96,92,87,83,79,75,83,71,78,62,38,88,82,70,86,34,34,32,51.0,79.71428571428571,80.4,87.5
S. Agüero,Sergio Leonel Agüero del Castillo,6/2/1988,30,172.72,69.9,ST,Argentina,89,89,64500000.0,300000.0,Right,4,4,4,Stocky,119300000.0,Argentina,82.0,SUB,11.0,70,93,77,81,85,89,82,73,64,89,88,80,86,90,91,88,81,76,73,83,65,24,92,83,83,90,30,20,12,44.857142857142854,85.85714285714286,80.4,83.66666666666667
M. Neuer,Manuel Neuer,3/27/1986,32,193.04,92.1,GK,Germany,89,89,38000000.0,130000.0,Right,5,4,1,Normal,62700000.0,Germany,85.0,GK,1.0,15,13,25,55,11,30,14,11,59,46,54,60,51,84,35,25,77,43,80,16,29,30,12,70,47,70,17,10,11,35.285714285714285,21.285714285714285,45.4,53.333333333333336
E. Cavani,Edinson Roberto Cavani Gómez,2/14/1987,32,185.42,77.1,ST,Uruguay,89,89,60000000.0,200000.0,Right,4,4,3,Lean,111000000.0,Uruguay,81.0,LS,21.0,70,89,89,78,90,80,77,76,52,82,75,76,77,91,59,87,88,92,78,79,84,48,93,77,85,82,52,45,39,61.142857142857146,87.42857142857143,76.0,77.83333333333333
Sergio Busquets,Sergio Busquets i Burgos,7/16/1988,30,187.96,76.2,"CDM,CM",Spain,89,89,51500000.0,315000.0,Right,4,3,3,Lean,105600000.0,Spain,85.0,CDM,5.0,62,67,68,89,44,80,66,68,82,88,50,52,66,87,52,61,66,86,77,54,85,87,77,87,60,93,90,86,80,85.42857142857143,61.57142857142857,79.6,62.0
T. Courtois,Thibaut Courtois,5/11/1992,26,198.12,96.2,GK,Belgium,89,90,53500000.0,240000.0,Left,4,2,1,Courtois,113700000.0,Belgium,85.0,GK,1.0,14,14,13,33,12,13,19,20,35,23,46,52,61,84,45,36,68,38,70,17,23,15,13,44,27,66,20,18,16,32.57142857142857,18.857142857142858,32.9,51.666666666666664
M. ter Stegen,Marc-André ter Stegen,4/30/1992,26,187.96,84.8,GK,Germany,89,92,58000000.0,240000.0,Right,3,4,1,Normal,123300000.0,Germany,85.0,SUB,22.0,18,14,11,42,14,17,18,12,47,18,38,50,37,86,43,22,79,35,78,10,43,22,11,70,25,70,25,13,10,37.285714285714285,15.285714285714286,39.8,47.0
A. Griezmann,Antoine Griezmann,3/21/1991,27,175.26,73.0,"CF,ST",France,89,90,78000000.0,145000.0,Left,4,3,4,Lean,165800000.0,France,84.0,CAM,7.0,82,89,84,84,87,87,86,84,78,90,88,85,90,90,82,82,90,86,62,82,73,49,91,85,83,89,59,54,48,62.0,85.42857142857143,85.1,86.83333333333333
M. Salah,Mohamed  Salah Ghaly,6/15/1992,26,175.26,71.2,"RW,ST",Egypt,89,90,78500000.0,265000.0,Left,3,3,4,PLAYER_BODY_TYPE_25,151100000.0,Egypt,73.0,RM,10.0,78,90,59,83,76,89,83,60,74,88,94,91,91,92,88,80,68,84,70,83,63,55,92,84,75,91,38,43,41,57.285714285714285,79.28571428571429,81.5,86.0
P. Dybala,Paulo Bruno Exequiel Dybala,11/15/1993,25,152.4,74.8,"CAM,RW",Argentina,89,94,89000000.0,205000.0,Left,3,3,4,Normal,153500000.0,Argentina,82.0,LF,21.0,82,84,68,87,88,92,88,88,75,92,87,83,91,86,85,82,75,80,65,88,48,32,84,87,86,84,23,20,20,41.714285714285715,82.85714285714286,86.4,83.5
J. Vertonghen,Jan Vertonghen,4/24/1987,31,187.96,86.2,CB,Belgium,87,87,34000000.0,155000.0,Left,3,3,3,Normal,62900000.0,Belgium,85.0,LCB,5.0,72,56,80,79,52,71,63,73,74,77,61,65,61,85,60,80,85,75,79,66,84,89,60,68,66,83,89,87,88,85.57142857142857,65.71428571428571,73.0,67.83333333333333
D. Mertens,Dries Mertens,5/6/1987,31,170.18,60.8,"CF,ST",Belgium,87,87,45000000.0,135000.0,Right,3,4,4,Normal,76500000.0,Belgium,85.0,RF,14.0,77,86,35,82,70,91,82,79,74,89,93,85,94,88,92,80,60,75,42,81,59,36,87,83,79,81,25,40,40,46.142857142857146,74.0,82.8,83.16666666666667
T. Alderweireld,Toby Alderweireld,3/2/1989,30,185.42,81.2,CB,Belgium,87,88,44000000.0,165000.0,Right,3,3,2,Normal,84700000.0,Belgium,85.0,RCB,2.0,64,45,82,79,38,62,63,69,85,75,61,67,60,88,50,78,84,76,79,65,81,87,58,67,58,84,90,91,86,85.42857142857143,60.57142857142857,71.9,66.33333333333333
Jordi Alba,Jordi Alba Ramos,3/21/1989,29,170.18,68.0,LB,Spain,87,87,38000000.0,250000.0,Left,3,3,3,Normal,77900000.0,Spain,85.0,LB,18.0,87,73,70,84,60,80,80,63,74,84,93,93,90,83,85,64,81,91,61,66,77,84,80,76,59,82,74,84,84,78.0,67.42857142857143,78.7,88.83333333333333
Thiago,Thiago Alcântara do Nascimento,4/11/1991,27,175.26,69.9,"CM,CAM,CDM",Spain,87,87,51500000.0,140000.0,Right,3,3,5,Normal,85000000.0,Spain,85.0,SUB,19.0,72,69,54,90,90,90,85,77,87,90,78,69,90,86,86,76,75,75,59,79,56,78,79,86,75,85,67,67,71,69.0,74.57142857142857,84.9,78.83333333333333
C. Immobile,Ciro Immobile,2/20/1990,29,185.42,84.8,ST,Italy,87,87,52000000.0,115000.0,Right,3,4,3,Normal,88400000.0,Italy,83.0,ST,17.0,55,90,81,74,87,83,70,51,49,83,78,85,77,87,63,86,77,80,76,80,77,40,91,65,78,81,34,33,32,53.285714285714285,84.71428571428571,68.2,76.66666666666667
Isco,Francisco Román Alarcón Suárez,4/21/1992,26,175.26,78.9,"CAM,CM,LW",Spain,87,90,62500000.0,260000.0,Right,3,3,4,Normal,132800000.0,Spain,85.0,LW,22.0,75,79,55,86,65,94,88,76,81,95,75,69,87,77,90,69,64,70,59,85,58,64,78,86,76,86,60,64,51,63.142857142857146,72.42857142857143,84.4,75.83333333333333
M. Icardi,Mauro Emanuel Icardi Rivero,2/19/1993,26,154.94,74.8,ST,Argentina,87,90,64500000.0,130000.0,Right,3,4,3,Normal,114500000.0,Argentina,82.0,ST,9.0,46,91,91,73,85,77,58,45,54,81,77,78,76,88,76,84,94,69,76,70,56,22,92,64,82,85,45,24,20,46.857142857142854,85.0,65.0,78.33333333333333
Kepa,Kepa Arrizabalaga,10/3/1994,24,185.42,84.8,GK,Spain,84,90,31000000.0,92000.0,Right,1,4,1,Lean,63600000.0,Spain,85.0,SUB,13.0,25,11,17,32,18,10,25,19,36,16,34,33,41,79,39,25,71,37,51,14,18,21,15,55,24,63,19,18,16,29.428571428571427,17.714285714285715,35.2,42.5
T. Werner,Timo Werner,3/6/1996,23,154.94,74.8,ST,Germany,84,87,40000000.0,77000.0,Right,3,4,3,Normal,71000000.0,Germany,85.0,RW,9.0,69,87,77,77,85,83,63,56,55,84,93,93,81,86,76,78,78,83,64,70,63,37,85,61,72,74,39,20,19,45.142857142857146,79.14285714285714,69.5,84.0
N. Süle,Niklas Süle,9/3/1995,23,195.58,97.1,CB,Germany,84,90,36500000.0,84000.0,Right,2,3,2,Stocky,67500000.0,Germany,85.0,CB,15.0,30,20,86,78,31,42,28,30,63,63,52,84,33,79,33,77,38,65,94,62,82,82,26,30,32,72,83,85,83,83.0,47.714285714285715,47.3,50.833333333333336
Bruno Fernandes,Bruno Miguel Borges Fernandes,9/8/1994,24,152.4,68.9,"CAM,CM",Portugal,84,88,40500000.0,22000.0,Right,2,3,4,Lean,84000000.0,Sporting CP,78.0,LCM,8.0,84,74,58,85,84,83,86,85,84,86,79,76,77,84,78,87,72,91,67,88,66,71,81,86,82,84,66,66,57,68.14285714285714,79.14285714285714,84.9,78.83333333333333
J. Giménez,José María Giménez de Vargas,1/20/1995,24,185.42,79.8,CB,Uruguay,84,88,34000000.0,63000.0,Right,2,3,2,Normal,72300000.0,Uruguay,81.0,LCB,2.0,47,37,81,68,30,47,36,44,58,56,69,70,56,76,43,72,90,67,85,48,89,85,24,27,38,73,88,86,87,84.71428571428571,47.142857142857146,48.6,65.83333333333333
D. Sánchez,Davinson Sánchez,6/12/1996,22,187.96,78.9,CB,Colombia,84,88,34000000.0,105000.0,Right,2,3,2,Lean,65500000.0,Colombia,79.0,RCB,23.0,36,40,80,77,28,63,30,27,67,73,72,79,60,80,55,66,73,76,83,44,87,82,34,49,44,75,84,85,88,83.42857142857143,48.0,55.1,69.16666666666667
Marco Asensio,Marco Asensio Willemsen,1/21/1996,23,182.88,76.2,"LW,RW",Spain,84,89,41500000.0,195000.0,Left,3,3,4,Normal,88200000.0,Spain,85.0,RW,10.0,82,80,57,83,79,85,83,76,81,85,85,82,79,82,76,86,58,76,61,88,45,45,82,82,62,83,40,42,39,50.714285714285715,76.28571428571429,82.1,76.0
O. Dembélé,Ousmane Dembélé,5/15/1997,21,152.4,67.1,"RW,LW",France,84,92,46000000.0,170000.0,Left,3,5,4,Lean,103500000.0,France,84.0,SUB,11.0,81,78,43,79,76,91,82,64,70,83,94,93,90,82,85,83,59,76,52,76,54,36,79,84,75,82,42,30,33,47.0,72.85714285714286,80.0,82.83333333333333
Jorginho,Luiz Frello Filho Jorge,12/20/1991,27,154.94,67.1,CM,Italy,83,84,30000000.0,140000.0,Right,2,3,3,Lean,57800000.0,Italy,83.0,CM,8.0,75,57,56,89,71,82,75,76,87,85,70,61,77,82,73,71,58,79,66,62,79,76,68,87,84,79,62,77,70,72.71428571428571,67.0,82.5,69.66666666666667
S. Gnabry,Serge Gnabry,7/14/1995,23,175.26,74.8,"LM,RM,CAM,LW",Germany,83,87,34000000.0,85000.0,Right,2,4,4,Normal,58700000.0,Germany,85.0,ST,6.0,74,81,46,79,83,87,64,62,68,83,92,90,86,81,88,85,64,68,68,81,63,38,80,74,68,74,45,48,45,54.42857142857143,74.85714285714286,74.6,81.33333333333333
William Carvalho,William Silva de Carvalho,4/7/1992,26,187.96,83.0,"CDM,CM",Portugal,83,86,27000000.0,35000.0,Right,3,4,3,Normal,58700000.0,Portugal,82.0,CDM,14.0,68,52,73,81,50,78,79,50,84,80,62,67,51,75,51,70,69,85,92,59,78,81,64,81,60,89,82,83,67,81.71428571428571,61.142857142857146,75.7,64.16666666666667
Y. Carrasco,Yannick Ferreira Carrasco,9/4/1993,25,154.94,73.0,LM,Belgium,83,86,33000000.0,20000.0,Right,3,4,4,Lean,73400000.0,Dalian YiFang FC,64.0,LM,10.0,78,79,53,77,68,88,81,78,71,87,89,87,88,83,71,84,68,74,59,75,61,18,81,71,74,75,58,39,26,48.0,73.42857142857143,78.5,79.5
Q. Promes,Quincy Anton Promes,1/4/1992,27,175.26,72.1,"LM,ST,RM",Netherlands,83,83,28000000.0,28000.0,Right,2,4,5,Lean,58800000.0,Netherlands,81.0,RM,9.0,79,86,60,78,69,84,75,76,73,82,90,91,87,82,79,82,82,83,61,83,60,33,79,81,74,78,36,30,32,47.142857142857146,76.14285714285714,79.1,85.33333333333333
L. Goretzka,Leon Goretzka,2/6/1995,24,187.96,78.9,"CM,CAM,CDM",Germany,83,88,34000000.0,85000.0,Right,3,4,3,Lean,58700000.0,Germany,85.0,SUB,14.0,75,73,80,84,68,81,76,75,79,83,84,79,76,84,70,78,74,86,72,80,80,82,79,82,60,80,72,76,74,76.57142857142857,74.0,80.1,78.16666666666667
João Cancelo,João Pedro Cavaco Cancelo,5/27/1994,24,182.88,73.9,RB,Portugal,83,89,29500000.0,105000.0,Right,2,3,4,Lean,54600000.0,Portugal,82.0,RB,2.0,86,58,64,79,62,85,83,69,75,84,91,91,78,83,74,80,73,90,66,66,73,77,78,74,46,77,79,79,79,75.71428571428571,64.85714285714286,79.2,82.83333333333333
T. Lemar,Thomas Lemar,11/12/1995,23,170.18,62.1,"LM,CAM,RM",France,83,89,35500000.0,64000.0,Left,3,2,4,Lean,79900000.0,France,84.0,SUB,8.0,83,75,54,84,76,85,85,81,75,86,86,84,87,79,86,79,71,79,63,78,63,66,78,84,68,80,55,59,63,64.14285714285714,72.57142857142857,82.6,82.16666666666667
J. Tah,Jonathan Tah,2/11/1996,23,195.58,97.1,CB,Germany,82,87,25000000.0,61000.0,Right,2,4,2,Stocky,44400000.0,Germany,85.0,SUB,20.0,35,20,80,74,24,55,30,27,69,64,64,77,48,81,44,44,72,63,93,25,76,80,27,61,38,75,80,87,84,82.14285714285714,36.857142857142854,55.7,61.333333333333336
Pau López,Pau López Sabata,12/13/1994,24,187.96,77.1,GK,Spain,82,87,21500000.0,21000.0,Left,1,3,1,Lean,46800000.0,Spain,85.0,SUB,23.0,24,19,15,38,17,18,23,21,41,16,45,52,40,74,57,21,71,42,52,18,39,16,20,62,25,62,19,20,11,31.285714285714285,19.285714285714285,37.9,51.166666666666664
H. Lozano,Hirving Rodrigo Lozano Bahena,7/30/1995,23,175.26,69.9,"RW,LW",Mexico,82,87,29500000.0,24000.0,Right,3,4,4,Lean,43500000.0,Mexico,77.0,LS,22.0,75,77,58,74,75,84,72,65,67,81,94,93,91,82,76,76,67,80,59,76,64,45,78,75,64,77,42,35,29,50.142857142857146,72.0,75.0,83.5
L. Torreira,Lucas Torreira Di Pascua,2/11/1996,23,167.64,64.0,"CDM,CM",Uruguay,82,87,25000000.0,98000.0,Right,2,3,3,Normal,49400000.0,Uruguay,81.0,LCM,14.0,74,50,59,83,65,78,70,78,77,81,81,74,85,79,93,78,52,85,66,74,86,86,65,74,48,78,84,84,77,80.14285714285714,62.714285714285715,76.8,78.33333333333333
Gonçalo Guedes,Gonçalo Manuel Ganchinho Guedes,11/29/1996,22,152.4,68.0,"LM,ST,RM,LW",Portugal,82,86,29000000.0,36000.0,Right,1,4,4,Normal,63100000.0,Portugal,82.0,SUB,17.0,78,75,60,77,71,86,76,70,69,81,89,90,85,80,78,81,65,75,62,77,67,50,77,77,69,80,24,34,30,49.57142857142857,72.85714285714286,77.1,80.33333333333333
F. de Jong,Frenkie de Jong,5/12/1997,21,154.94,69.9,"CM,CDM,CB",Netherlands,82,89,31000000.0,20000.0,Right,1,3,4,Lean,49600000.0,Netherlands,81.0,LDM,7.0,75,52,64,87,64,86,82,64,82,88,80,78,84,83,78,68,76,74,69,57,64,78,66,85,45,86,69,73,70,72.71428571428571,59.42857142857143,81.7,78.33333333333333
Raphaelito Anjos,Raphael William Anjos Rochedo,2/29/1988,31,190.5,84.8,GK,Brazil,82,82,14000000.0,32000.0,Right,1,2,1,Normal,25200000.0,Brazil,81.0,GK,1.0,10,8,11,18,8,9,9,18,16,21,41,42,34,82,41,21,67,29,79,7,34,23,27,71,14,67,20,17,13,36.142857142857146,13.714285714285714,32.5,42.333333333333336
Juiano Mestres,Juan Everton Mestres de Mesquita,2/29/1984,35,154.94,82.1,"CB,CDM",Brazil,82,82,6500000.0,39000.0,Right,1,3,2,Normal,12400000.0,Brazil,81.0,RCB,3.0,40,56,83,67,63,60,72,58,58,64,68,74,61,78,63,74,91,76,79,61,86,82,58,50,62,70,77,85,84,80.42857142857143,65.28571428571429,59.7,72.16666666666667
Rosberto Dourado,Rosberto J. Dourado Santos,2/29/1988,31,175.26,69.9,"CDM,CM",Brazil,82,82,16500000.0,46000.0,Right,1,4,2,Lean,31400000.0,Brazil,81.0,RCM,13.0,61,53,70,82,57,77,54,57,78,76,80,81,72,80,80,60,43,93,68,59,75,82,58,77,77,81,83,86,80,79.28571428571429,62.0,71.9,74.83333333333333
Rodri,Rodrigo Hernández Cascante,6/22/1996,22,190.5,82.1,"CM,CDM",Spain,82,87,29000000.0,59000.0,Right,1,3,4,Lean,61600000.0,Spain,85.0,SUB,16.0,63,64,75,84,59,77,65,54,80,82,70,66,69,80,72,70,69,82,75,76,63,81,75,83,46,83,71,79,74,75.14285714285714,66.42857142857143,75.1,71.33333333333333
J. Henderson,Jordan Brian Henderson,6/17/1990,28,182.88,79.8,"CDM,CM",England,82,82,18000000.0,125000.0,Right,2,3,3,Normal,33300000.0,England,82.0,RCM,8.0,81,67,65,84,72,73,80,74,84,80,67,66,68,80,70,77,79,91,72,71,77,80,75,83,64,78,77,79,76,77.0,70.14285714285714,80.2,73.5
M. Arnautović,Marko Arnautović,4/19/1989,29,193.04,83.0,ST,Austria,82,82,22000000.0,120000.0,Right,3,4,4,Normal,41800000.0,Austria,77.0,LS,7.0,78,78,74,78,79,84,79,72,74,85,79,83,69,78,66,84,67,78,84,75,84,44,83,77,77,81,43,48,39,60.42857142857143,78.57142857142857,78.2,73.66666666666667
S. Giovinco,Sebastian Giovinco,1/26/1987,32,162.56,60.8,"CF,ST",Italy,82,82,20000000.0,61000.0,Right,2,4,4,Normal,34000000.0,Al Hilal,74.0,SUB,9.0,72,78,34,80,75,86,90,93,76,86,88,80,94,83,91,80,34,77,42,81,75,26,83,78,73,82,23,29,28,43.57142857142857,72.0,82.2,77.33333333333333
G. Sigurðsson,Gylfi Þór Sigurðsson,9/8/1989,29,185.42,77.1,CAM,Iceland,82,82,22500000.0,125000.0,Right,3,4,3,Normal,42800000.0,Iceland,72.0,CAM,10.0,86,77,60,85,75,80,87,86,80,85,58,55,68,78,63,83,68,86,68,86,57,55,79,86,79,85,57,57,55,62.0,77.0,83.9,66.33333333333333
P. Gulácsi,Péter Gulácsi,5/6/1990,28,193.04,86.2,GK,Hungary,82,83,18000000.0,53000.0,Right,2,2,1,Normal,32000000.0,Hungary,73.0,GK,1.0,16,10,23,29,10,19,18,11,25,25,42,44,41,75,50,23,67,35,68,12,34,23,11,36,24,45,25,16,20,33.0,16.142857142857142,29.0,46.5
K. Trippier,Kieran Trippier,9/19/1990,28,152.4,72.1,"RB,RWB",England,82,82,18500000.0,99000.0,Right,2,4,3,Normal,34200000.0,England,82.0,SUB,12.0,91,48,73,79,54,75,87,83,78,81,76,75,74,80,74,75,73,88,65,70,70,79,75,80,66,73,77,82,79,75.0,65.85714285714286,81.4,76.66666666666667
A. Ramsey,Aaron Ramsey,12/26/1990,28,182.88,76.2,"CM,CDM,CAM",Wales,82,82,23000000.0,130000.0,Right,3,3,3,Lean,43700000.0,Wales,75.0,CAM,10.0,75,74,58,84,79,81,70,66,80,82,65,69,73,81,74,81,66,89,67,74,73,69,84,79,75,81,66,70,67,70.42857142857143,75.0,77.7,72.66666666666667
M. Sabitzer,Marcel Sabitzer,3/17/1994,24,152.4,77.1,"CAM,CM",Austria,81,84,22500000.0,54000.0,Right,2,4,3,Normal,39900000.0,Austria,77.0,LM,9.0,70,79,56,79,78,79,74,63,67,81,83,77,75,85,79,86,75,84,76,81,70,55,81,79,65,75,58,55,51,62.857142857142854,75.14285714285714,75.6,78.83333333333333
M. Ginter,Matthias Ginter,1/19/1994,25,187.96,83.0,"CB,CDM",Germany,81,83,18500000.0,30000.0,Right,2,3,2,Normal,32800000.0,Germany,85.0,RWB,4.0,68,55,85,77,53,62,44,42,71,72,55,69,55,79,49,74,65,74,82,46,69,80,55,69,67,71,83,84,77,78.0,62.142857142857146,65.3,61.166666666666664
J. Brandt,Julian Brandt,5/2/1996,22,185.42,83.9,"LM,RM,CAM",Germany,81,88,25000000.0,63000.0,Right,2,4,4,Lean,47500000.0,Germany,85.0,SUB,10.0,77,77,42,81,66,87,72,59,68,85,78,84,82,80,78,80,63,73,69,78,42,29,78,82,54,69,38,20,24,41.57142857142857,67.85714285714286,77.3,76.33333333333333
S. Bergwijn,Steven Bergwijn,10/8/1997,21,152.4,78.0,"LW,RW",Netherlands,80,86,20500000.0,18000.0,Right,1,2,4,Stocky,32800000.0,Netherlands,81.0,SUB,22.0,73,74,55,76,67,87,76,66,53,84,88,89,79,71,89,78,71,78,79,74,44,30,77,75,59,76,47,31,26,47.57142857142857,69.14285714285714,73.6,82.33333333333333
A. Onana,André Onana,4/2/1996,22,187.96,93.0,GK,Cameroon,80,85,14500000.0,14000.0,Right,2,3,1,Stocky,21400000.0,Cameroon,75.0,GK,1.0,15,12,20,33,13,26,30,17,26,38,64,62,68,78,53,21,80,39,67,17,29,15,11,62,27,57,12,18,14,30.285714285714285,17.285714285714285,38.7,61.0
Everton Andrão,Everton Jorge Andrade Zanon,2/29/1984,35,152.4,74.8,"CDM,CM",Brazil,80,80,4500000.0,34000.0,Right,1,4,2,Stocky,8500000.0,Brazil,81.0,CDM,6.0,75,58,59,78,58,75,48,73,75,77,69,68,78,78,77,72,67,89,71,64,81,79,54,73,61,68,80,81,77,76.71428571428571,60.857142857142854,72.5,74.66666666666667
Welington Dano,Welington Kauê Dano Nascimento,2/29/1988,31,152.4,68.9,"LB,LM",Brazil,80,80,10500000.0,34000.0,Left,1,4,4,Lean,20000000.0,Brazil,81.0,LB,5.0,82,51,69,78,47,77,83,52,71,78,78,80,83,80,81,55,71,89,68,53,69,77,72,75,61,82,70,77,81,74.85714285714286,58.285714285714285,75.1,80.33333333333333
T. Ndombele,Tanguy NDombèlé Alvaro,12/28/1996,22,154.94,76.2,"CM,CDM",France,80,89,22500000.0,51000.0,Right,1,3,4,Normal,47300000.0,France,84.0,SUB,17.0,67,59,56,83,59,86,67,63,79,84,84,76,83,80,84,80,63,78,78,70,81,73,70,79,60,84,66,73,69,74.85714285714286,64.85714285714286,76.7,78.0
M. Gómez,Maximiliano Gómez,8/14/1996,22,185.42,83.9,ST,Uruguay,80,85,20500000.0,25000.0,Right,1,3,4,Normal,44600000.0,Uruguay,81.0,SUB,18.0,56,85,81,76,76,76,68,53,58,77,61,65,45,77,53,79,73,71,80,76,65,21,83,60,67,77,35,20,23,45.857142857142854,78.14285714285714,66.1,61.333333333333336
S. Aurier,Serge Aurier,12/24/1992,26,175.26,76.2,"RB,RWB",Ivory Coast,80,83,15500000.0,82000.0,Right,2,3,3,Normal,29800000.0,Côte d'Ivoire,75.0,RB,17.0,83,54,75,78,47,76,69,30,72,79,79,78,73,81,76,71,94,77,74,58,86,79,72,71,64,75,75,81,82,78.85714285714286,63.0,71.0,79.5
M. Ryan,Mathew Ryan,4/8/1992,26,182.88,82.1,GK,Australia,80,83,13000000.0,43000.0,Right,1,4,1,Normal,25700000.0,Australia,73.0,GK,1.0,23,11,14,40,15,13,23,12,45,24,53,52,53,73,50,35,78,34,68,18,36,23,10,68,25,64,10,20,17,34.0,18.285714285714285,38.9,53.333333333333336
V. Aboubakar,Vincent Paté Aboubakar,1/22/1992,27,182.88,82.1,ST,Cameroon,80,81,17500000.0,19000.0,Right,3,3,5,Normal,36300000.0,FC Porto,81.0,SUB,9.0,57,80,77,75,81,81,80,67,68,80,76,83,72,76,63,81,78,82,85,75,77,33,80,81,76,86,44,23,19,52.42857142857143,78.57142857142857,74.6,75.66666666666667
C. Tătăruşanu,Anton Ciprian Tătărușanu,2/9/1986,33,195.58,86.2,GK,Romania,80,80,8500000.0,25000.0,Right,2,3,1,Lean,16200000.0,Romania,72.0,GK,12.0,13,15,15,37,11,16,11,11,37,19,50,47,51,74,38,14,66,42,73,12,33,26,13,48,16,45,12,15,12,30.857142857142858,13.714285714285714,31.4,49.0
E. Dier,Eric Dier,1/15/1994,25,187.96,89.8,"CDM,CB,CM",England,80,84,16500000.0,73000.0,Right,2,3,2,Normal,31800000.0,England,82.0,CDM,4.0,67,52,82,77,51,65,60,74,78,70,62,68,52,78,38,82,77,78,89,72,91,81,53,67,70,77,82,81,83,83.42857142857143,66.0,70.3,62.5
J. Butland,Jack Butland,3/10/1993,25,195.58,94.8,GK,England,80,85,14000000.0,39000.0,Right,2,3,1,Normal,27700000.0,England,82.0,SUB,13.0,11,16,12,40,12,21,12,14,30,36,58,55,55,73,50,29,76,40,79,13,40,27,16,40,42,62,23,13,11,36.42857142857143,20.0,31.7,55.666666666666664
I. Akinfeev,Igor Akinfeev,4/8/1986,32,185.42,78.0,GK,Russia,80,80,8500000.0,1000.0,Right,3,3,1,Normal,18700000.0,Russia,77.0,GK,1.0,19,13,18,23,10,15,19,13,22,22,51,50,53,71,45,24,62,35,72,13,24,17,11,59,10,67,18,13,13,32.0,14.142857142857142,32.2,49.333333333333336
A. Januzaj,Adnan Januzaj,2/5/1995,24,185.42,76.2,"RW,RM",Belgium,79,85,17500000.0,32000.0,Left,1,4,4,Lean,40300000.0,Belgium,85.0,SUB,23.0,82,71,42,79,67,85,80,65,74,82,84,76,85,76,71,74,61,68,59,71,41,36,76,80,60,74,30,22,22,40.57142857142857,65.85714285714286,78.3,74.16666666666667
J. Hector,Jonas Hector,5/27/1990,28,185.42,74.8,"LB,CDM",Germany,79,79,10000000.0,26000.0,Left,3,3,3,Normal,15000000.0,Germany,85.0,LWB,3.0,79,55,71,78,51,74,65,65,74,77,75,77,67,80,67,69,66,82,76,61,71,81,62,72,65,78,76,79,79,77.14285714285714,62.0,73.6,72.33333333333333
R. Zobnin,Roman Zobnin,2/11/1994,25,182.88,74.8,"CDM,CM,LM",Russia,79,86,15000000.0,1000.0,Right,1,3,4,Lean,34500000.0,Russia,77.0,LDM,8.0,69,65,70,81,55,82,65,65,79,82,74,78,70,79,65,65,63,90,63,67,70,75,64,72,57,77,81,79,76,74.42857142857143,63.285714285714285,74.6,73.33333333333333
J. Lerma,Jefferson Andrés Lerma Solís,10/25/1994,24,152.4,69.9,"CDM,CM",Colombia,79,83,14000000.0,55000.0,Right,1,4,3,Lean,27700000.0,Colombia,79.0,SUB,2.0,66,56,65,77,56,69,66,65,76,77,74,76,75,72,76,82,84,90,76,75,83,80,58,68,58,63,78,81,81,77.42857142857143,64.28571428571429,70.4,79.16666666666667
J. Guðmundsson,Johann  Berg Guðmunds­son,10/27/1990,28,152.4,77.1,"RM,LM",Iceland,79,79,13000000.0,61000.0,Left,1,4,4,Normal,24700000.0,Iceland,72.0,RM,7.0,82,70,64,78,72,79,79,77,75,78,79,77,76,77,76,82,78,82,70,74,66,62,74,79,70,78,60,63,55,64.85714285714286,72.28571428571429,78.3,78.0
G. Medel,Gary Alexis Medel Soto,8/3/1987,31,170.18,64.9,"CDM,CB",Chile,79,79,9500000.0,50000.0,Right,3,4,3,Stocky,18100000.0,Chile,77.0,RCB,17.0,50,31,68,79,58,63,35,45,73,71,72,70,78,80,92,65,82,84,83,59,89,81,58,68,58,78,75,83,76,80.71428571428571,56.714285714285715,63.2,79.66666666666667
A. Finnbogason,Alfreð Finnbogason,2/1/1989,30,182.88,79.8,ST,Iceland,79,79,12500000.0,35000.0,Right,2,4,3,Normal,22500000.0,Iceland,72.0,ST,11.0,37,84,67,71,79,75,56,51,67,75,67,68,67,82,70,78,66,72,78,77,64,20,86,72,89,83,30,32,34,48.714285714285715,80.0,65.8,68.33333333333333
A. Young,Ashley Young,7/9/1985,33,175.26,64.9,"RB,LB",England,79,79,7000000.0,110000.0,Right,2,3,4,Lean,13300000.0,England,82.0,SUB,18.0,83,64,57,78,71,77,86,75,69,78,77,74,76,79,76,75,55,75,67,65,83,77,68,74,60,74,76,78,75,75.71428571428571,65.71428571428571,77.3,72.16666666666667
R. Babel,Ryan Guno Babel,12/19/1986,32,185.42,84.8,LW,Netherlands,79,79,11000000.0,70000.0,Right,3,3,4,Normal,20900000.0,Netherlands,81.0,LM,11.0,72,77,71,71,67,82,77,50,66,80,83,82,77,71,73,85,82,77,78,82,58,34,77,74,70,75,39,28,21,47.57142857142857,75.57142857142857,71.7,79.0
M. Elyounoussi,Mohamed Elyounoussi,8/4/1994,24,152.4,69.9,"LM,CAM,RM",Norway,78,83,14000000.0,44000.0,Right,1,4,4,Normal,27700000.0,Norway,75.0,SUB,13.0,77,71,64,80,74,77,73,64,75,78,84,78,79,72,78,76,81,80,62,70,49,36,71,73,64,72,40,31,44,47.714285714285715,70.0,74.2,80.0
J. Farfán,Jefferson Agustín Farfán Guadalupe,10/26/1984,34,152.4,83.9,"RM,ST",Peru,78,78,6500000.0,1000.0,Right,2,3,4,Normal,13700000.0,Peru,73.0,CAM,10.0,78,73,72,73,69,74,82,75,72,79,84,84,75,77,66,75,76,72,78,72,73,39,75,78,79,80,17,43,29,51.285714285714285,73.57142857142857,76.6,76.16666666666667
J. Baumgartlinger,Julian Baumgartlinger,1/2/1988,31,182.88,86.2,CDM,Austria,78,78,7500000.0,53000.0,Right,2,3,2,Normal,12800000.0,Austria,77.0,SUB,14.0,63,39,69,81,50,65,47,49,71,74,68,71,65,74,64,73,80,88,78,39,84,77,62,64,59,75,79,80,75,78.28571428571429,55.857142857142854,65.2,72.66666666666667
G. Maripán,Guillermo Alfonso Maripán Loaysa,5/6/1994,24,193.04,83.0,CB,Chile,77,81,10000000.0,20000.0,Right,1,2,2,Normal,21800000.0,Chile,77.0,LCB,6.0,41,28,75,66,31,40,29,27,51,57,45,48,31,72,32,56,68,56,92,24,75,77,28,30,20,69,79,77,73,77.42857142857143,37.42857142857143,44.3,46.666666666666664
G. Pereiro,Gastón Rodrigo Pereiro López,6/11/1995,23,187.96,76.2,"CAM,RW",Uruguay,77,82,12000000.0,15000.0,Left,1,2,3,Normal,17700000.0,Uruguay,81.0,SUB,10.0,73,73,73,75,68,79,74,73,70,83,72,75,74,74,56,81,70,67,75,76,57,30,75,77,70,76,36,40,36,50.0,73.71428571428571,75.5,69.0
Simão Acunha,Simão Alvin Acunha Bardini,2/29/1988,31,152.4,71.2,"CAM,ST,RM",Brazil,77,77,8500000.0,35000.0,Right,1,2,4,Lean,16200000.0,Brazil,81.0,SUB,20.0,74,66,60,79,67,76,87,61,73,78,83,77,81,78,74,71,64,73,64,72,48,45,67,80,67,71,30,32,22,44.57142857142857,67.14285714285714,76.6,75.33333333333333
M. Elneny,Mohamed Elneny,7/11/1992,26,154.94,73.9,"CDM,CM",Egypt,77,79,9000000.0,76000.0,Right,1,3,3,Lean,17800000.0,Egypt,73.0,RDM,17.0,66,57,57,78,39,68,69,56,77,76,58,60,65,75,62,78,69,92,68,67,73,76,63,70,62,77,76,74,72,73.71428571428571,60.42857142857143,70.5,67.66666666666667
T. Vermaelen,Thomas Vermaelen,11/14/1985,33,182.88,79.8,"CB,LB",Belgium,77,77,5000000.0,110000.0,Left,3,3,2,Normal,10300000.0,Belgium,85.0,SUB,3.0,63,52,81,80,56,55,61,64,78,64,67,64,61,70,56,78,90,52,79,68,77,73,41,51,62,72,72,79,80,76.0,62.57142857142857,63.7,65.0
L. Schøne,Lasse Schøne,5/27/1986,32,152.4,78.0,"CM,CDM",Denmark,77,77,6500000.0,19000.0,Right,2,3,3,Normal,9100000.0,Denmark,78.0,RCM,19.0,81,67,60,83,84,76,85,86,77,81,58,52,68,67,78,83,77,65,57,81,65,79,66,81,76,70,67,52,48,62.57142857142857,73.85714285714286,79.8,66.33333333333333
K. Lasagna,Kevin Lasagna,8/10/1992,26,185.42,79.8,ST,Italy,77,80,11500000.0,29000.0,Left,2,3,3,Lean,20400000.0,Italy,83.0,SUB,9.0,60,78,72,66,74,76,66,42,50,79,89,88,81,76,72,72,76,69,69,66,40,30,80,58,66,74,26,20,18,39.57142857142857,72.57142857142857,63.1,79.16666666666667
P. Jansson,Pontus Jansson,2/13/1991,28,195.58,86.2,CB,Sweden,77,79,8500000.0,41000.0,Right,1,3,2,Normal,16800000.0,Sweden,76.0,RCB,16.0,29,29,74,68,41,64,49,40,59,66,54,69,53,69,31,68,54,71,90,50,80,75,28,50,39,69,77,78,75,77.71428571428571,47.0,54.4,55.333333333333336
K. Tete,Kenny Tete,10/9/1995,23,154.94,71.2,"RB,RWB",Netherlands,77,82,10000000.0,44000.0,Right,2,3,2,Normal,19800000.0,Netherlands,81.0,RB,2.0,72,42,74,73,36,65,54,34,64,69,74,79,66,72,73,60,77,77,76,41,80,75,60,60,46,71,77,81,83,77.57142857142857,51.285714285714285,62.3,74.33333333333333
J. Lössl,Jonas Lössl,2/1/1989,30,195.58,88.0,GK,Denmark,76,77,6000000.0,34000.0,Right,1,2,1,Lean,11900000.0,Denmark,78.0,SUB,16.0,14,12,17,35,11,15,14,13,39,19,29,34,32,72,30,22,51,25,67,15,17,20,10,53,12,56,20,13,15,29.714285714285715,14.142857142857142,32.7,33.5
M. Phillips,Matt Phillips,3/13/1991,27,182.88,74.8,"CAM,CM,RW",Scotland,76,76,8000000.0,34000.0,Right,1,4,4,Normal,15200000.0,Scotland,75.0,SUB,18.0,80,69,54,68,58,79,78,48,65,75,86,86,78,71,71,77,54,68,78,72,54,32,71,74,61,67,49,45,34,51.285714285714285,66.0,71.2,73.83333333333333
A. Hutchinson,Atiba Hutchinson,2/8/1983,36,187.96,83.0,"CDM,CM",Canada,76,76,1800000.0,28000.0,Right,2,4,2,Lean,3500000.0,Canada,70.0,SUB,13.0,69,61,75,82,63,73,67,64,74,72,68,69,63,76,62,73,62,78,79,59,69,75,64,65,75,82,74,77,68,74.85714285714286,67.14285714285714,70.7,67.0
H. Seferović,Haris Seferović,2/22/1992,27,187.96,84.8,ST,Switzerland,76,77,9000000.0,13000.0,Left,2,3,3,Normal,18700000.0,SL Benfica,79.0,LS,14.0,67,77,73,68,74,70,68,64,59,73,65,73,63,76,59,78,75,72,87,69,81,35,82,68,68,72,25,42,40,54.57142857142857,74.42857142857143,68.1,67.83333333333333
A. Szalai,Ádám Szalai,12/9/1987,31,193.04,89.8,ST,Hungary,76,76,7500000.0,35000.0,Right,2,3,3,Normal,12800000.0,Hungary,73.0,ST,9.0,49,80,84,72,68,69,58,42,48,75,45,46,63,76,59,82,64,65,87,64,74,41,78,65,76,75,31,41,13,51.714285714285715,76.0,61.9,57.0
L. Skorupski,Łukasz Skorupski,5/5/1991,27,187.96,83.9,GK,Poland,76,79,6500000.0,23000.0,Right,2,2,1,Lean,11500000.0,Poland,77.0,SUB,12.0,19,11,10,29,17,18,12,19,26,23,51,51,48,68,38,23,58,31,58,15,33,17,13,32,22,58,18,12,12,29.714285714285715,15.857142857142858,27.8,46.166666666666664
Y. Yazıcı,Yusuf Yazıcı,1/29/1997,22,182.88,73.9,"CAM,CM,RM",Turkey,76,83,11000000.0,22000.0,Left,1,4,4,Lean,24200000.0,Turkey,76.0,RM,11.0,77,71,68,76,68,78,79,76,70,77,70,75,76,68,69,78,55,80,69,75,68,40,74,76,60,73,38,54,45,55.285714285714285,70.57142857142857,75.3,70.83333333333333
F. Valverde,Federico Valverde,7/22/1998,20,182.88,78.0,"CM,LM,CAM",Uruguay,76,88,13000000.0,52000.0,Right,1,3,3,Normal,29300000.0,Uruguay,81.0,SUB,5.0,49,67,48,80,38,71,51,48,83,74,69,70,68,73,66,77,49,70,68,77,59,68,64,78,42,80,70,68,50,66.14285714285714,59.0,68.5,65.33333333333333
D. Brooks,David Brooks,7/8/1997,21,182.88,62.1,"RM,CAM",Wales,75,86,11500000.0,39000.0,Left,1,3,4,Lean,24200000.0,Wales,75.0,RM,13.0,69,71,40,76,50,77,65,48,66,75,76,76,85,74,79,67,59,72,49,55,44,34,71,76,58,78,28,31,28,41.714285714285715,58.857142857142854,70.2,74.5
S. Vokes,Sam Vokes,10/21/1989,29,187.96,89.8,ST,Wales,75,75,7000000.0,45000.0,Right,1,3,2,Stocky,13300000.0,Wales,75.0,SUB,9.0,59,77,83,68,70,65,61,46,60,76,50,55,50,76,60,80,89,73,84,71,80,42,78,70,79,75,42,38,29,55.714285714285715,76.85714285714286,65.1,62.833333333333336
O. Norwood,Oliver Norwood,4/12/1991,27,175.26,68.9,CM,Northern Ireland,75,75,7000000.0,14000.0,Right,1,3,2,Lean,13300000.0,Northern Ireland,71.0,CDM,16.0,74,58,58,78,69,62,72,75,82,76,59,55,68,71,73,77,64,69,58,73,69,73,59,76,70,69,69,74,70,68.85714285714286,66.28571428571429,74.2,64.66666666666667
R. Quaison,Robin Quaison,10/9/1993,25,182.88,77.1,"CF,ST,LW",Sweden,75,78,8500000.0,24000.0,Right,1,3,3,Normal,15100000.0,Sweden,76.0,SUB,20.0,67,74,56,74,69,80,64,56,69,78,79,78,74,74,75,73,55,78,74,73,54,55,77,68,59,74,39,57,54,58.142857142857146,68.71428571428571,69.8,73.16666666666667
P. Dummett,Paul Dummett,9/26/1991,27,182.88,82.1,LB,Wales,75,76,6500000.0,38000.0,Left,1,2,3,Normal,12800000.0,Wales,75.0,SUB,3.0,61,41,73,70,33,65,54,52,68,69,65,68,61,75,74,42,75,79,74,35,75,77,56,52,43,65,77,77,81,75.14285714285714,46.142857142857146,61.8,70.33333333333333
D. Valdés,Diego Valdés,1/30/1994,25,152.4,74.8,"CAM,CM",Chile,75,79,8500000.0,18000.0,Right,1,3,4,Lean,15100000.0,Santos Laguna,72.0,LCM,10.0,67,64,64,75,63,74,70,67,73,75,80,79,74,70,67,75,68,75,74,74,54,53,73,75,55,78,50,52,42,57.57142857142857,66.85714285714286,72.1,73.83333333333333
R. Thomas,Ryan Thomas,12/20/1994,24,175.26,64.0,CM,New Zealand,75,80,9000000.0,13000.0,Right,1,4,3,Normal,13300000.0,New Zealand,66.0,RCM,14.0,66,52,34,75,50,78,62,63,76,79,77,75,77,74,78,70,84,75,60,61,71,75,64,78,63,77,61,58,56,65.42857142857143,56.285714285714285,72.9,77.66666666666667
I. Kahveci,İrfan Can Kahveci,7/15/1995,23,175.26,67.1,"CAM,CM,LM",Turkey,75,80,9000000.0,21000.0,Left,1,4,4,Normal,17800000.0,Turkey,76.0,SUB,23.0,65,65,55,77,60,80,77,75,73,77,76,78,75,71,79,70,58,79,62,70,65,63,67,75,54,71,49,49,43,57.42857142857143,63.0,74.5,74.16666666666667
M. Isla,Mauricio Aníbal Isla Isla,6/12/1988,30,175.26,74.8,"RB,CM",Chile,75,75,4800000.0,48000.0,Right,2,3,3,Lean,9100000.0,Chile,77.0,RB,4.0,78,41,58,75,58,75,78,64,72,73,80,75,84,74,78,65,66,79,68,66,76,73,70,68,68,76,72,75,75,73.57142857142857,60.857142857142854,72.5,77.0
W. McKennie,Weston McKennie,8/28/1998,20,185.42,83.9,"CM,CDM,CAM,RM",United States,75,85,10500000.0,13000.0,Right,1,3,3,Normal,20000000.0,United States,74.0,LCM,8.0,56,56,76,76,49,74,56,55,67,75,65,66,68,77,68,73,85,83,82,67,82,75,73,74,58,68,75,76,70,75.42857142857143,64.57142857142857,68.4,72.5
O. Murillo,Oscar Fabián Murillo Murillo,4/18/1988,30,182.88,83.0,CB,Colombia,75,75,4900000.0,25000.0,Left,1,4,2,Normal,8400000.0,Pachuca,72.0,LCB,23.0,59,42,75,61,22,46,35,27,65,56,66,72,54,70,43,43,85,66,83,35,76,79,29,44,32,70,71,77,66,74.57142857142857,39.714285714285715,50.7,64.33333333333333
F. Kainz,Florian Kainz,10/24/1992,26,175.26,71.2,"LM,CM,CAM",Austria,75,76,8000000.0,19000.0,Right,1,5,4,Lean,12600000.0,Austria,77.0,SUB,17.0,72,71,43,72,55,80,69,71,70,79,85,77,88,69,83,70,70,74,55,76,37,24,67,65,58,63,54,31,25,41.285714285714285,62.857142857142854,71.2,79.5
M. Leckie,Mathew Leckie,2/4/1991,28,154.94,82.1,"RM,LM,RW",Australia,75,75,7000000.0,25000.0,Right,2,4,3,Normal,11900000.0,Australia,73.0,SUB,7.0,76,68,72,68,65,76,72,36,54,75,91,89,75,70,78,74,87,77,70,67,73,54,73,65,69,67,63,48,40,59.285714285714285,69.71428571428571,65.7,82.83333333333333
F. Midtsjø,Fredrik Midtsjø,8/11/1993,25,175.26,69.9,"CM,CDM",Norway,74,77,7000000.0,12000.0,Right,1,3,3,Normal,11000000.0,Norway,75.0,SUB,8.0,65,62,58,77,62,72,66,55,73,74,74,73,80,74,83,72,65,87,73,68,74,72,67,72,51,77,67,68,65,70.85714285714286,62.857142857142854,70.0,77.0
E. Roco,Enzo Pablo Roco Roco,8/16/1992,26,193.04,78.9,CB,Chile,74,77,6000000.0,33000.0,Right,2,3,2,Normal,11900000.0,Chile,77.0,SUB,3.0,40,43,79,70,27,55,27,31,60,62,37,43,57,73,43,45,78,70,82,39,66,72,42,49,34,67,77,75,68,72.42857142857143,44.142857142857146,51.6,54.666666666666664
J. Svensson,Jonas Svensson,3/6/1993,26,170.18,69.9,"RB,CM",Norway,74,77,6000000.0,12000.0,Right,1,3,3,Stocky,9500000.0,Norway,75.0,RB,16.0,74,55,59,73,61,73,72,54,66,69,76,79,74,72,86,74,73,89,77,58,81,71,68,65,48,71,70,74,71,73.57142857142857,60.42857142857143,68.3,79.5
R. Berić,Robert Berić,6/17/1991,27,187.96,83.0,ST,Slovenia,74,75,6500000.0,29000.0,Right,2,3,3,Normal,12800000.0,Slovenia,75.0,ST,18.0,52,80,73,72,69,67,65,56,65,72,62,55,58,71,58,73,71,69,77,67,65,38,81,70,71,71,38,30,23,48.857142857142854,73.42857142857143,66.0,62.166666666666664
J. Kopic,Jan Kopic,6/4/1990,28,154.94,78.9,"LM,RM",Czech Republic,74,74,5500000.0,1000.0,Right,1,4,3,Normal,12100000.0,Czech Republic,75.0,SUB,13.0,74,68,48,70,67,76,68,68,64,76,81,79,75,65,77,72,59,71,58,73,53,38,70,70,59,70,42,38,31,47.142857142857146,65.28571428571429,70.1,73.66666666666667
E. Mena,Eugenio Mena,7/18/1988,30,172.72,73.9,LB,Chile,74,74,4300000.0,18000.0,Left,2,3,3,Normal,6000000.0,Racing Club,75.0,LB,5.0,74,38,50,72,38,70,59,41,64,71,80,79,71,73,78,61,74,78,67,53,74,75,69,65,58,68,71,75,72,71.71428571428571,52.42857142857143,65.4,76.66666666666667
G. Shinnie,Graeme Shinnie,8/4/1991,27,175.26,72.1,"CDM,LB,CM",Scotland,74,75,5500000.0,8000.0,Left,1,4,3,Lean,10000000.0,Scotland,75.0,SUB,15.0,66,24,54,74,53,66,64,59,64,68,82,79,76,70,83,63,79,94,68,50,87,74,61,65,48,75,73,74,69,74.28571428571429,50.42857142857143,66.1,82.16666666666667
J. Stryger Larsen,Jens Stryger Larsen,2/21/1991,28,182.88,82.1,"RB,CB",Denmark,74,74,4600000.0,21000.0,Right,1,3,3,Normal,7900000.0,Denmark,78.0,LB,17.0,70,48,60,66,60,68,62,48,60,70,78,79,72,72,72,68,78,79,77,58,74,74,56,58,50,64,70,76,74,72.71428571428571,57.142857142857146,63.2,76.33333333333333
A. Ulmer,Andreas Ulmer,10/30/1985,33,175.26,68.9,LB,Austria,74,74,3100000.0,28000.0,Left,1,3,3,Normal,4700000.0,FC Red Bull Salzburg,73.0,LB,17.0,74,53,59,73,70,69,73,60,63,73,71,69,73,73,74,74,57,87,70,72,67,72,73,65,36,69,68,75,71,70.28571428571429,62.42857142857143,68.8,71.83333333333333
L. Cavallini,Lucas Cavallini,12/28/1992,26,182.88,88.9,ST,Canada,74,77,7000000.0,9000.0,Left,1,3,3,Stocky,12400000.0,Puebla FC,70.0,LS,9.0,31,76,76,60,59,75,44,52,41,70,76,74,62,66,70,76,68,72,84,65,78,23,75,56,70,69,35,29,13,47.285714285714285,71.0,55.1,70.33333333333333
D. Kourmpelis,Dimitrios Kourmpelis,11/2/1993,25,154.94,73.9,"CDM,CB",Greece,74,79,6500000.0,1000.0,Right,1,3,3,Normal,14800000.0,Greece,75.0,RDM,16.0,56,45,55,73,26,64,55,50,71,68,73,76,66,63,68,65,70,80,74,63,80,77,34,54,57,68,72,76,74,74.42857142857143,49.285714285714285,60.8,72.16666666666667
J. Beausejour,Jean André Emanuel Beausejour Coliqueo,6/1/1984,34,152.4,83.0,LB,Chile,74,74,1600000.0,11000.0,Left,2,2,3,Stocky,2200000.0,Universidad de Chile,70.0,LB,15.0,73,61,64,65,52,71,74,67,66,74,82,82,89,70,76,67,63,79,82,63,75,67,74,64,68,71,69,74,73,73.0,64.14285714285714,68.8,78.5
J. Błaszczykowski,Jakub Błaszczykowski,12/14/1985,33,175.26,67.1,"RM,RB,RW",Poland,74,74,4400000.0,8000.0,Right,2,4,3,Normal,5900000.0,Poland,77.0,SUB,16.0,75,67,48,76,75,74,76,67,65,77,69,69,74,77,76,75,63,67,70,68,62,60,71,74,70,82,65,59,63,65.85714285714286,67.71428571428571,73.5,69.66666666666667
C. Söyüncü,Çağlar Söyüncü,5/23/1996,22,185.42,82.1,CB,Turkey,74,82,7000000.0,39000.0,Right,1,4,2,Normal,14700000.0,Turkey,76.0,LCB,6.0,46,37,68,56,48,57,39,37,55,59,67,72,64,68,58,65,68,67,78,42,81,71,42,49,52,59,69,82,79,74.14285714285714,50.57142857142857,51.5,66.0
S. Grytebust,Sten Michael Grytebust,10/25/1989,29,185.42,82.1,GK,Norway,74,75,4500000.0,10000.0,Right,1,2,1,Normal,6000000.0,Norway,75.0,SUB,22.0,11,12,13,26,13,14,12,12,29,26,43,40,49,69,43,17,59,23,58,12,35,16,10,62,23,68,20,14,13,32.0,14.285714285714286,32.3,42.833333333333336
S. Özbayraklı,Şener Özbayraklı,1/23/1990,29,170.18,71.2,RB,Turkey,74,74,4400000.0,47000.0,Right,1,2,3,Normal,8400000.0,Turkey,76.0,SUB,2.0,76,47,64,72,50,72,74,39,65,72,79,82,82,69,72,79,74,83,66,74,78,70,66,68,40,67,68,70,70,69.85714285714286,60.0,67.5,78.66666666666667
M. Degenek,Miloš Degenek,4/28/1994,24,187.96,82.1,CB,Australia,74,81,7000000.0,25000.0,Right,1,4,2,Lean,13300000.0,Al Hilal,74.0,RCB,45.0,70,59,70,74,62,58,69,44,72,64,79,79,78,72,70,70,81,86,84,61,81,70,55,67,58,77,65,75,76,75.42857142857143,62.142857142857146,65.7,78.83333333333333
I. Fossum,Iver Fossum,7/15/1996,22,154.94,73.0,"CM,CAM,CDM",Norway,73,78,5500000.0,19000.0,Right,1,4,3,Normal,9800000.0,Norway,75.0,RM,15.0,60,59,59,72,57,72,72,65,69,75,74,67,75,71,75,70,71,92,64,71,63,67,70,70,42,67,59,65,62,63.857142857142854,61.142857142857146,69.6,75.66666666666667
M. Bolaños,Miler Alejandro Bolaños Reascos,6/1/1990,28,170.18,64.0,"CAM,RW,ST",Ecuador,73,73,4000000.0,18000.0,Right,1,3,3,Lean,6900000.0,Club Tijuana,71.0,CAM,23.0,58,72,43,65,64,78,63,56,61,73,87,78,75,69,83,73,57,74,58,68,57,23,73,73,61,56,21,25,24,37.714285714285715,64.85714285714286,66.9,75.66666666666667
J. Bořil,Jan Bořil,1/11/1991,28,175.26,74.8,"RB,LB",Czech Republic,73,73,3300000.0,1000.0,Right,1,4,3,Stocky,7200000.0,Czech Republic,75.0,LB,18.0,73,42,68,64,42,63,57,35,60,69,76,74,72,74,73,66,72,83,72,58,82,69,60,57,39,72,69,72,71,72.42857142857143,53.57142857142857,60.9,75.0
A. Maxim,Alexandru Iulian Maxim,7/8/1990,28,152.4,73.0,"CAM,CM,LM",Romania,73,73,4200000.0,22000.0,Right,2,4,5,Lean,7100000.0,Romania,72.0,LM,10.0,70,63,40,70,72,80,81,72,70,74,77,55,87,70,78,68,52,69,49,70,48,43,67,74,72,68,27,30,23,41.142857142857146,64.57142857142857,73.5,69.66666666666667
A. Mina,Arturo Mina,10/8/1990,28,190.5,83.9,CB,Ecuador,73,74,3800000.0,11000.0,Right,1,3,2,Stocky,7800000.0,Ecuador,72.0,LCB,2.0,43,30,77,68,30,47,27,41,57,61,52,50,38,66,45,52,76,56,92,33,67,73,38,44,45,55,72,70,68,71.0,43.57142857142857,49.8,52.833333333333336
M. Tekdemir,Mahmut Tekdemir,1/20/1988,31,152.4,68.0,"CDM,CB",Turkey,73,73,3000000.0,18000.0,Right,1,2,3,Normal,5600000.0,Turkey,76.0,SUB,14.0,57,53,68,75,48,67,50,48,70,73,66,59,68,73,74,72,82,77,68,66,78,71,53,59,50,68,70,77,70,71.71428571428571,58.57142857142857,63.1,71.0
K. Johnsson,Karl-Johan Johnsson,1/28/1990,29,187.96,83.9,GK,Sweden,73,74,3200000.0,15000.0,Right,1,2,1,Normal,6700000.0,Sweden,76.0,SUB,12.0,11,13,19,26,19,16,12,11,38,22,50,49,45,63,32,21,71,45,69,13,35,20,16,49,17,56,15,14,12,31.571428571428573,16.857142857142858,29.7,48.666666666666664
M. Linnes,Martin Linnes,9/20/1991,27,152.4,72.1,"RB,LB",Norway,73,73,3400000.0,37000.0,Right,1,3,3,Lean,6500000.0,Norway,75.0,SUB,17.0,68,57,55,68,47,72,65,38,62,73,86,87,82,68,80,60,66,82,60,59,62,72,65,63,41,59,67,72,71,66.14285714285714,54.857142857142854,64.0,80.5
D. Randolph,Darren Randolph,5/12/1987,31,187.96,78.0,GK,Republic of Ireland,73,73,2400000.0,31000.0,Right,1,3,1,Stocky,4600000.0,Republic of Ireland,74.0,GK,23.0,11,14,16,33,16,14,15,14,34,33,41,44,50,73,43,36,61,34,57,14,29,18,11,35,30,36,15,14,14,26.142857142857142,19.571428571428573,29.7,45.5
C. Roldan,Cristian Roldan,6/3/1995,23,172.72,74.8,"CDM,CM,RM",United States,73,79,4700000.0,6000.0,Right,1,3,3,Normal,7900000.0,United States,74.0,SUB,23.0,66,63,63,73,49,70,69,40,70,70,71,69,77,70,84,70,83,89,66,63,78,70,67,68,61,71,70,71,69,70.71428571428571,62.285714285714285,66.4,78.83333333333333
V. Coufal,Vladimír Coufal,8/22/1992,26,175.26,74.8,RB,Czech Republic,73,76,4100000.0,1000.0,Right,1,2,3,Stocky,9400000.0,Czech Republic,75.0,RB,20.0,79,41,40,66,41,65,50,37,58,69,76,74,71,74,74,41,71,85,71,44,76,69,60,53,36,65,72,73,72,71.14285714285714,43.285714285714285,60.4,75.16666666666667
G. McAuley,Gareth McAuley,12/5/1979,39,190.5,88.9,CB,Northern Ireland,72,72,425000.0,23000.0,Right,2,3,2,Normal,765000.0,Northern Ireland,71.0,SUB,4.0,49,47,82,53,23,29,39,33,50,61,29,31,34,70,32,44,72,35,75,30,76,72,45,52,49,68,75,72,70,72.57142857142857,45.714285714285715,48.8,38.833333333333336
W. Zimmerman,Walker Zimmerman,5/19/1993,25,190.5,88.9,CB,United States,72,76,3400000.0,6000.0,Right,1,3,2,Normal,5300000.0,United States,74.0,SUB,5.0,39,52,78,67,49,42,33,38,66,63,56,65,47,67,43,57,78,76,83,40,82,70,48,37,56,64,70,68,63,71.42857142857143,54.285714285714285,48.9,60.833333333333336
M. Gavranović,Mario Gavranović,11/24/1989,29,175.26,76.2,"ST,CAM,CF",Switzerland,72,72,3200000.0,1000.0,Right,1,4,3,Normal,7100000.0,Switzerland,77.0,SUB,18.0,50,69,63,70,64,73,41,55,58,75,79,78,81,71,74,69,83,65,68,60,55,45,81,65,68,62,26,39,24,45.57142857142857,67.71428571428571,62.3,76.66666666666667
O. McBurnie,Oliver McBurnie,6/4/1996,22,190.5,77.1,"ST,LW",Scotland,72,80,4600000.0,20000.0,Right,1,2,3,Lean,9700000.0,Scotland,75.0,SUB,19.0,40,73,73,65,58,70,42,31,37,68,64,72,61,68,65,74,69,74,80,57,60,28,72,65,63,63,32,29,20,44.57142857142857,67.14285714285714,55.1,67.5
M. Møller Dæhli,Mats  Møller Dæhli,3/2/1995,24,152.4,71.2,"LM,CAM,RM",Norway,72,77,4200000.0,12000.0,Right,1,3,3,Lean,7000000.0,Norway,75.0,SUB,20.0,66,53,20,70,54,80,62,61,64,80,83,73,87,65,83,48,57,64,46,52,26,21,63,69,56,66,28,20,24,33.0,49.42857142857143,68.6,74.5
D. Kądzior,Damian Kądzior,6/16/1992,26,175.26,73.9,RM,Poland,72,73,3700000.0,1000.0,Left,1,2,3,Lean,8300000.0,Poland,77.0,SUB,17.0,81,65,51,68,41,72,80,75,71,72,82,78,83,62,82,67,79,72,57,62,52,46,63,70,50,63,35,41,42,48.0,57.0,72.1,79.33333333333333
R. Kruse,Robbie Kruse,10/5/1988,30,152.4,69.9,"RM,LM",Australia,72,72,3000000.0,14000.0,Right,1,2,3,Lean,4900000.0,Australia,73.0,SUB,10.0,68,73,52,69,66,70,69,54,58,72,85,80,75,69,72,66,70,61,54,70,62,40,76,68,65,68,36,39,38,48.142857142857146,66.85714285714286,66.5,73.83333333333333
J. Güemez,Javier Güemez López,10/17/1991,27,172.72,73.9,"CDM,CM",Mexico,72,73,3000000.0,8000.0,Right,1,3,3,Stocky,5400000.0,Querétaro,70.0,CM,6.0,66,61,62,68,62,64,73,58,66,71,69,66,67,63,64,70,83,77,86,70,86,71,64,67,51,73,66,72,71,75.0,62.857142857142854,66.3,71.0
J. Jones,Jordan Jones,10/24/1994,24,175.26,60.8,"LM,LW,CAM",Northern Ireland,72,78,4300000.0,5000.0,Right,1,3,3,Lean,8300000.0,Northern Ireland,71.0,SUB,15.0,71,62,39,68,49,77,64,64,59,74,90,90,79,58,90,60,48,69,37,46,43,34,60,62,56,67,40,42,45,44.0,53.142857142857146,65.9,77.66666666666667
L. Phiri,Lebogang Phiri,11/9/1994,24,172.72,63.0,"CM,CDM",South Africa,72,78,4200000.0,14000.0,Right,1,3,3,Lean,9200000.0,South Africa,71.0,SUB,6.0,64,53,64,75,59,72,69,57,71,74,75,75,77,72,76,59,70,75,69,59,68,69,60,68,58,71,72,74,70,70.42857142857143,58.857142857142854,69.0,74.66666666666667
R. Alvarado,Roberto Alvarado,9/7/1998,20,175.26,69.9,"LM,RM,CAM",Mexico,72,79,4200000.0,9000.0,Left,1,5,3,Lean,8100000.0,Cruz Azul,72.0,LM,25.0,71,63,51,71,62,73,67,59,68,72,78,75,77,64,79,66,62,72,56,59,45,55,68,69,62,64,55,49,60,54.857142857142854,61.57142857142857,68.3,73.83333333333333
A. Preciado,Ayrton Preciado,7/17/1994,24,182.88,71.2,"LW,LM,CF",Ecuador,71,75,3100000.0,13000.0,Left,1,3,3,Lean,5500000.0,Santos Laguna,72.0,SUB,18.0,70,69,71,67,73,73,64,68,69,68,87,82,79,66,65,82,58,71,70,70,43,37,64,61,71,61,31,19,20,40.142857142857146,71.42857142857143,66.7,73.66666666666667
S. Tecl,Stanislav Tecl,9/1/1990,28,154.94,82.1,"ST,RW",Czech Republic,71,71,2500000.0,1000.0,Right,1,2,3,Normal,5600000.0,Czech Republic,75.0,ST,7.0,56,74,70,63,70,69,53,51,43,71,81,78,71,70,66,53,67,68,71,54,70,34,77,53,61,64,21,23,25,44.0,65.57142857142857,58.2,71.83333333333333
M. Lustig,Mikael Lustig,12/13/1986,32,187.96,78.0,"RB,CB",Sweden,71,71,1600000.0,28000.0,Right,2,3,3,Lean,2800000.0,Sweden,76.0,RB,2.0,66,48,75,72,59,66,65,40,68,71,50,54,54,68,53,65,81,75,76,60,68,73,44,60,33,73,75,75,73,73.28571428571429,54.857142857142854,63.6,61.166666666666664
D. Lenihan,Darragh Lenihan,3/16/1994,24,187.96,76.2,CB,Republic of Ireland,71,75,2600000.0,21000.0,Right,1,3,2,Normal,5100000.0,Republic of Ireland,74.0,SUB,15.0,50,40,62,62,44,54,37,37,59,58,59,64,60,57,66,51,73,72,73,53,79,72,47,49,48,52,71,72,73,70.28571428571429,49.285714285714285,51.2,65.66666666666667
R. Keogh,Richard Keogh,8/11/1986,32,187.96,87.1,CB,Republic of Ireland,71,71,1600000.0,24000.0,Right,1,3,2,Normal,3000000.0,Republic of Ireland,74.0,RCB,20.0,52,28,73,70,23,67,33,30,65,60,62,56,47,68,59,51,72,75,76,12,68,69,50,58,38,70,72,70,71,70.85714285714286,39.285714285714285,56.1,61.833333333333336
D. von Ballmoos,David von Ballmoos,12/30/1994,24,193.04,89.8,GK,Switzerland,71,79,2600000.0,9000.0,Right,1,3,1,Normal,4400000.0,BSC Young Boys,71.0,GK,26.0,16,16,13,31,20,17,19,13,27,23,55,46,45,60,51,25,66,34,71,15,23,26,16,36,28,61,9,20,15,32.142857142857146,19.0,27.8,49.5
R. Mphahlele,Ramahlwe Mphahlele,2/1/1990,29,185.42,79.8,"RB,CB,RWB",South Africa,71,71,1900000.0,1000.0,Right,1,3,3,Normal,4100000.0,South Africa,71.0,RB,22.0,68,24,63,64,32,64,45,42,67,72,74,72,59,59,69,32,63,73,71,49,39,69,59,49,36,74,73,77,73,68.0,42.142857142857146,57.9,68.33333333333333
K. Lafferty,Kyle Lafferty,9/16/1987,31,193.04,88.0,"ST,LM",Northern Ireland,71,71,2300000.0,33000.0,Right,1,4,3,Lean,4100000.0,Northern Ireland,71.0,SUB,10.0,57,71,75,63,74,65,57,75,45,66,66,67,63,72,71,75,80,70,79,67,82,17,68,67,74,69,24,34,38,49.0,72.0,63.4,69.5
J. Böðvarsson,Jón Daði Böðvarsson,5/25/1992,26,190.5,84.8,ST,Iceland,70,72,2200000.0,20000.0,Right,1,4,3,Lean,4300000.0,Iceland,72.0,SUB,22.0,59,68,68,63,63,67,63,56,61,72,68,76,62,69,61,65,66,82,80,63,54,22,70,62,62,62,37,38,36,47.0,65.57142857142857,63.4,69.16666666666667
S. Maguire,Sean Maguire,5/1/1994,24,175.26,68.0,"ST,LM",Republic of Ireland,71,78,3400000.0,10000.0,Right,1,3,3,Lean,7100000.0,Republic of Ireland,74.0,SUB,10.0,48,72,67,58,56,73,36,33,40,71,93,91,88,64,85,63,70,76,65,53,52,28,73,62,66,67,50,28,22,44.57142857142857,64.28571428571429,54.7,83.83333333333333
K. Hämäläinen,Kasper Hämäläinen,8/8/1986,32,187.96,73.9,"LM,CAM",Finland,70,70,1600000.0,6000.0,Right,1,3,3,Lean,2200000.0,Finland,70.0,SUB,21.0,59,71,73,70,65,65,65,34,63,71,74,76,72,71,64,69,66,70,69,68,48,52,75,75,62,72,38,48,46,53.285714285714285,69.0,64.8,70.33333333333333
K. Barbarouses,Kosta Barbarouses,2/19/1990,29,170.18,68.0,"ST,RW",New Zealand,70,70,1800000.0,7000.0,Right,1,3,3,Lean,2300000.0,Melbourne Victory,67.0,RS,9.0,62,71,51,66,66,71,66,42,46,69,85,87,92,69,71,68,61,90,62,66,56,38,70,69,57,68,28,29,22,43.285714285714285,64.14285714285714,62.9,81.0
W. Grigg,Will Grigg,7/3/1991,27,154.94,69.9,ST,Northern Ireland,70,71,2100000.0,9000.0,Right,2,3,3,Normal,3900000.0,Northern Ireland,71.0,SUB,9.0,31,73,66,59,70,64,39,50,40,63,77,75,71,68,73,68,72,81,77,67,50,22,73,54,72,69,26,37,20,43.0,69.85714285714286,52.2,74.83333333333333
B. Meling,Birger Solberg Meling,12/17/1994,24,172.72,64.0,"LB,CDM",Norway,70,75,2000000.0,4000.0,Left,1,3,3,Lean,2700000.0,Norway,75.0,LB,2.0,68,47,42,64,30,63,62,55,60,65,79,78,82,64,80,46,79,87,36,49,80,67,65,61,39,69,70,70,68,65.71428571428571,45.42857142857143,62.3,80.83333333333333
J. Brabec,Jakub Brabec,8/6/1992,26,187.96,83.0,CB,Czech Republic,70,73,1900000.0,1000.0,Right,1,3,2,Normal,4300000.0,Czech Republic,75.0,SUB,22.0,54,42,69,61,51,56,39,29,60,68,53,54,61,67,52,67,54,61,76,56,72,66,52,58,49,70,71,71,69,70.71428571428571,55.142857142857146,55.0,55.833333333333336
S. Morsy,Sam Morsy,9/10/1991,27,172.72,74.8,"CDM,CM",Egypt,70,71,1700000.0,26000.0,Right,1,3,3,Normal,3400000.0,Egypt,73.0,SUB,5.0,52,53,47,70,49,69,39,55,67,66,65,67,81,70,78,60,80,73,77,60,81,68,60,68,44,76,66,67,58,70.42857142857143,53.285714285714285,62.4,74.0
T. Carson,Trevor Carson,3/5/1988,31,185.42,84.8,GK,Northern Ireland,70,70,1100000.0,4000.0,Right,1,2,1,Normal,2000000.0,Northern Ireland,71.0,SUB,12.0,18,17,12,13,15,16,12,19,13,18,55,50,56,65,67,22,65,43,68,14,37,17,18,60,23,50,15,11,12,30.0,17.285714285714285,29.4,56.0
A. Jędrzejczyk,Artur Jędrzejczyk,11/4/1987,31,187.96,78.0,"RB,LB,CB",Poland,70,70,1300000.0,6000.0,Right,1,3,3,Normal,1800000.0,Poland,77.0,SUB,21.0,70,48,73,69,52,63,47,34,67,70,69,70,66,67,63,69,75,75,76,39,77,71,53,42,34,63,58,71,70,69.42857142857143,52.57142857142857,57.1,69.66666666666667
J. Roa,Juan Daniel Roa Reyes,8/20/1991,27,172.72,67.1,"CM,RM,CDM",Colombia,70,71,2100000.0,3000.0,Right,1,2,3,Normal,3000000.0,Independiente Santa Fe,70.0,SUB,17.0,60,30,56,66,54,72,37,34,67,73,77,75,72,68,77,55,88,90,76,65,74,65,72,69,37,68,64,69,70,69.42857142857143,52.714285714285715,61.5,79.83333333333333
A. Montero,Álvaro David Montero Perales,3/29/1995,23,195.58,84.8,GK,Colombia,70,79,2100000.0,2000.0,Right,1,3,1,Normal,3300000.0,Deportes Tolima,69.0,GK,31.0,20,18,14,39,19,16,18,14,21,24,42,44,32,65,48,25,55,32,80,17,26,16,19,30,25,41,18,18,14,30.428571428571427,19.571428571428573,27.7,42.166666666666664
S. McKenna,Scott McKenna,11/12/1996,22,187.96,79.8,CB,Scotland,70,83,3100000.0,4000.0,Left,1,3,2,Stocky,7300000.0,Scotland,75.0,LCB,5.0,41,22,67,53,26,40,28,31,50,45,52,64,31,58,60,43,76,68,89,32,85,65,16,31,44,58,67,68,67,71.28571428571429,35.714285714285715,40.8,58.5
N. McGinn,Niall McGinn,7/20/1987,31,152.4,73.0,"LM,RM",Northern Ireland,70,70,1700000.0,5000.0,Right,1,5,3,Lean,2900000.0,Northern Ireland,71.0,RM,7.0,67,67,62,63,61,72,71,73,53,72,77,83,83,64,86,67,58,82,59,61,53,48,66,68,67,69,44,13,15,43.0,64.42857142857143,67.1,78.16666666666667
F. Ondoa,Fabrice Ondoa,12/24/1995,23,185.42,89.8,GK,Cameroon,70,76,1800000.0,6000.0,Right,1,2,1,Normal,3000000.0,Cameroon,75.0,SUB,16.0,14,18,16,41,17,16,13,20,45,22,50,56,67,59,52,16,72,43,74,16,19,16,12,30,23,27,19,15,15,26.428571428571427,16.857142857142858,29.0,56.666666666666664
O. Kolář,Ondřej Kolář,10/17/1994,24,193.04,81.2,GK,Czech Republic,70,77,1800000.0,1000.0,Right,1,3,1,Normal,4400000.0,Czech Republic,75.0,SUB,23.0,13,7,11,38,6,25,13,14,29,27,49,46,44,69,24,16,33,20,60,8,17,11,5,42,15,33,17,12,14,23.428571428571427,9.714285714285714,31.2,36.0
J. Maclaren,Jamie Maclaren,7/29/1993,25,152.4,76.2,ST,Australia,69,72,1400000.0,6000.0,Right,1,4,3,Normal,1800000.0,Melbourne City FC,66.0,ST,29.0,57,68,62,61,64,66,70,59,50,66,85,83,84,74,82,65,83,81,70,60,71,52,71,63,72,72,25,32,31,50.42857142857143,66.0,62.9,83.0
J. Castelletto,Jean-Charles Castelletto,1/26/1995,24,185.42,78.0,CB,Cameroon,69,77,1300000.0,3000.0,Right,1,4,2,Lean,2700000.0,Cameroon,75.0,RCB,15.0,58,18,66,69,32,54,49,23,67,61,75,79,70,65,52,50,88,80,70,26,59,68,56,58,36,62,67,68,67,65.85714285714286,40.57142857142857,56.2,74.0
B. Bjarnason,Birkir Bjarnason,5/27/1988,30,182.88,77.1,"CM,CDM",Iceland,69,69,975000.0,10000.0,Right,2,4,3,Normal,1900000.0,Iceland,72.0,LM,8.0,68,70,72,66,63,65,55,34,63,72,69,73,73,72,77,68,81,85,76,71,73,63,70,67,50,74,62,63,51,66.0,66.28571428571429,62.9,76.33333333333333
N. Lima,Nick Lima,11/17/1994,24,175.26,79.8,RB,United States,69,76,1200000.0,3000.0,Right,1,4,3,Normal,2100000.0,United States,74.0,SUB,19.0,66,58,53,65,57,70,68,41,57,67,84,80,73,70,67,71,65,74,66,59,71,67,64,60,55,61,70,63,63,65.85714285714286,59.57142857142857,62.4,73.83333333333333
M. Araujo,Miguel Araujo,10/24/1994,24,152.4,71.2,CB,Peru,69,74,1200000.0,6000.0,Right,1,3,2,Normal,1900000.0,Club Atlético Talleres,70.0,LCB,4.0,41,30,73,61,37,46,23,41,59,57,66,67,60,54,70,52,70,66,59,32,76,64,22,27,51,54,68,75,72,66.85714285714286,42.42857142857143,43.6,66.5
A. Robinson,Antonee Robinson,8/8/1997,21,182.88,64.0,"LB,LWB",United States,69,81,1600000.0,15000.0,Left,1,2,3,Lean,3500000.0,United States,74.0,LB,22.0,60,33,54,48,32,69,35,39,33,68,85,86,73,66,72,32,70,73,67,31,65,67,49,40,45,54,68,69,67,65.28571428571429,39.42857142857143,49.8,76.5
A. O'Brien,Aiden O'Brien,10/4/1993,25,182.88,72.1,LM,Republic of Ireland,69,72,1300000.0,6000.0,Right,1,3,3,Normal,2600000.0,Republic of Ireland,74.0,SUB,18.0,65,65,60,67,57,69,61,40,65,66,77,74,73,64,65,66,69,76,69,63,66,29,68,66,57,60,30,32,25,44.42857142857143,62.285714285714285,62.9,72.33333333333333
A. Nabbout,Andrew Nabbout,12/17/1992,26,152.4,83.0,"ST,LM,RM",Australia,68,70,1100000.0,6000.0,Right,1,4,3,Stocky,1500000.0,Urawa Red Diamonds,70.0,SUB,19.0,65,68,59,65,49,67,59,45,53,68,79,79,72,61,77,69,63,69,77,63,60,22,69,64,52,64,35,30,25,44.714285714285715,61.285714285714285,61.1,73.16666666666667
M. Abdul Shafy,Mohamed Abdul Shafy Sayed Abouezeid,7/1/1985,33,170.18,71.2,LB,Egypt,68,68,350000.0,13000.0,Left,1,3,3,Lean,595000.0,Al Ahli,72.0,LWB,13.0,65,45,65,62,35,66,69,42,66,66,79,68,79,69,60,70,71,68,69,67,56,68,67,59,43,65,67,65,63,64.71428571428571,56.0,62.3,70.83333333333333
J. Jeggo,James Jeggo,2/12/1992,27,152.4,71.2,"CDM,CM",Australia,68,71,925000.0,7000.0,Right,1,2,3,Lean,1400000.0,FK Austria Wien,68.0,CDM,4.0,55,57,42,65,58,63,59,56,66,66,70,72,73,54,69,68,39,81,65,64,82,67,59,67,54,59,68,65,62,66.85714285714286,57.42857142857143,61.8,67.33333333333333
A. Traustason,Arnór Ingvi Traustason,4/30/1993,25,154.94,77.1,"CAM,CM",Iceland,68,71,1100000.0,3000.0,Right,1,3,3,Normal,1500000.0,Iceland,72.0,SUB,21.0,67,64,43,65,69,69,71,66,59,67,76,80,78,65,73,71,52,87,63,71,71,67,67,64,57,64,55,55,53,61.142857142857146,63.142857142857146,65.7,74.33333333333333
G. Akkan,Gökhan Akkan,1/1/1995,24,185.42,79.8,GK,Turkey,67,71,700000.0,3000.0,Right,1,2,1,Normal,1500000.0,Turkey,76.0,SUB,19.0,15,15,13,29,12,15,12,18,26,5,48,48,49,63,59,19,58,35,69,14,20,25,13,34,21,54,12,15,19,30.571428571428573,15.285714285714286,25.1,49.5
M. Awad,Mohamed Awad,7/6/1992,26,182.88,63.0,GK,Egypt,67,68,625000.0,6000.0,Right,1,2,1,Normal,1100000.0,Al Wehda,68.0,GK,1.0,10,7,22,19,12,25,24,14,28,20,42,44,42,53,53,23,71,37,47,9,38,16,9,37,14,58,9,10,10,26.857142857142858,13.714285714285714,26.7,48.166666666666664
A. Jaakkola,Anssi Jaakkola,3/13/1987,31,193.04,88.0,GK,Finland,66,66,400000.0,7000.0,Right,1,1,1,Normal,760000.0,Finland,70.0,SUB,20.0,15,12,10,49,12,11,12,13,45,12,58,59,55,54,30,26,74,19,66,14,41,30,12,55,13,37,15,14,11,30.571428571428573,14.142857142857142,32.1,49.166666666666664
J. Balkovec,Jure Balkovec,9/9/1994,24,185.42,73.9,LB,Slovenia,66,72,750000.0,1000.0,Left,1,3,2,Normal,1400000.0,Slovenia,75.0,SUB,3.0,72,37,51,62,44,58,74,79,61,66,79,68,55,63,55,72,58,70,70,58,66,61,56,48,43,55,60,68,64,63.42857142857143,51.57142857142857,63.1,64.16666666666667
J. Ojala,Juhani Ojala,6/19/1989,29,190.5,84.8,CB,Finland,66,67,575000.0,2000.0,Right,1,2,2,Normal,762000.0,Finland,70.0,SUB,5.0,41,17,72,58,28,42,25,23,54,60,52,45,49,64,49,39,28,60,91,27,58,65,40,36,41,70,60,69,54,66.71428571428571,37.714285714285715,43.9,47.166666666666664
T. Akindele,Tesho Akindele,8/30/1991,27,185.42,78.9,"ST,LM",Canada,66,67,775000.0,3000.0,Right,1,2,3,Normal,1200000.0,Canada,70.0,SUB,8.0,45,63,64,58,55,64,44,28,41,63,81,87,74,60,63,69,69,60,76,56,62,18,62,58,66,62,36,15,20,41.285714285714285,62.142857142857146,51.9,72.33333333333333
H. Matynia,Hubert Matynia,11/4/1995,23,154.94,69.9,"LB,LM",Poland,65,72,650000.0,2000.0,Right,1,4,2,Lean,1000000.0,Poland,77.0,SUB,3.0,60,45,55,58,42,53,53,36,37,59,79,79,79,63,75,51,82,74,44,40,59,62,31,45,46,54,59,63,62,57.57142857142857,44.285714285714285,50.9,78.0
J. Sargent,Josh Sargent,2/20/2000,19,185.42,78.9,ST,United States,65,85,1100000.0,4000.0,Right,1,3,3,Normal,3000000.0,United States,74.0,SUB,16.0,43,68,58,56,58,66,62,56,46,67,79,76,76,61,67,67,64,67,60,58,56,38,60,54,57,61,29,27,21,41.714285714285715,60.857142857142854,56.5,71.5
J. Toivio,Joona Toivio,3/10/1988,30,185.42,87.1,CB,Finland,65,65,400000.0,1000.0,Right,1,3,2,Normal,500000.0,Finland,70.0,SUB,4.0,55,42,65,58,35,47,64,63,57,57,53,62,53,63,44,78,76,65,75,55,64,61,35,42,59,62,62,67,59,64.28571428571429,52.714285714285715,54.8,58.833333333333336
E. Ampadu,Ethan Ampadu,9/14/2000,18,182.88,72.1,"CB,CDM",Wales,65,86,1100000.0,8000.0,Right,1,3,2,Lean,3000000.0,Wales,75.0,LDM,15.0,27,23,59,70,25,57,34,27,64,58,62,58,56,61,68,52,74,60,67,22,57,62,29,59,33,64,66,67,65,64.0,34.714285714285715,51.6,63.0
A. Pelvas,Akseli Pelvas,2/8/1989,30,154.94,77.1,"ST,LW,RW,LM",Finland,62,62,300000.0,1000.0,Left,1,3,2,Normal,645000.0,Finland,70.0,SUB,9.0,52,63,41,54,60,61,55,47,45,60,73,77,66,60,64,68,55,71,57,65,36,18,64,52,62,58,59,21,16,37.857142857142854,60.42857142857143,53.8,67.66666666666667
B. Kraev,Bozhidar Kraev,6/23/1997,21,185.42,69.9,"CM,ST,RW",Bulgaria,62,72,475000.0,3000.0,Right,1,3,3,Lean,713000.0,Bulgaria,67.0,CAM,12.0,49,61,56,66,44,65,45,42,63,67,69,64,72,61,64,67,55,60,49,63,44,35,65,58,41,58,42,41,39,44.0,56.714285714285715,57.4,64.0
J. Gulley,Justin Gulley,1/15/1993,26,175.26,69.9,"CB,RB,RWB",New Zealand,60,63,220000.0,1000.0,Right,1,3,2,Normal,292000.0,Wellington Phoenix,65.0,SUB,3.0,54,51,56,60,28,55,42,42,54,55,80,76,77,49,82,50,72,68,65,52,65,56,49,37,40,41,60,58,57,57.42857142857143,46.57142857142857,48.5,75.83333333333333
M. Woud,Michael Woud,1/16/1999,20,195.58,84.8,GK,New Zealand,58,73,230000.0,1000.0,Right,1,2,1,Normal,477000.0,New Zealand,66.0,SUB,12.0,14,10,14,18,10,11,13,12,15,13,31,15,39,62,28,24,37,20,57,10,25,13,10,28,10,43,10,13,13,24.857142857142858,12.571428571428571,21.4,28.333333333333332
C. Lewis,Clayton Lewis,2/12/1997,22,172.72,72.1,"CAM,LM,CM",New Zealand,60,68,300000.0,1000.0,Left,1,3,2,Normal,585000.0,New Zealand,66.0,SUB,15.0,52,53,35,60,48,61,44,38,53,60,78,72,76,47,80,61,55,45,43,58,52,19,55,60,58,56,25,30,20,35.0,52.57142857142857,53.5,67.66666666666667
A. Paşcanu,Alexandru Stefan Pascanu,9/28/1998,20,185.42,73.0,"CB,RB",Romania,61,77,500000.0,4000.0,Right,1,4,2,Lean,1300000.0,Romania,72.0,SUB,18.0,59,30,51,43,35,58,37,34,35,60,70,68,60,57,65,35,63,69,67,35,70,59,48,43,45,50,59,62,60,61.0,39.857142857142854,46.9,65.83333333333333
M. McGlinchey,Michael McGlinchey,1/7/1987,32,175.26,68.0,CAM,New Zealand,62,62,270000.0,1000.0,Right,1,4,3,Lean,338000.0,Central Coast Mariners,63.0,SUB,8.0,63,58,49,58,62,60,68,67,57,61,70,67,79,62,82,61,69,68,55,64,56,63,60,61,62,62,60,55,53,57.714285714285715,59.42857142857143,61.8,72.5
P. Soiri,Pyry Soiri,9/22/1994,24,182.88,63.0,"RM,LM,CF",Finland,62,67,400000.0,2000.0,Right,1,3,2,Lean,610000.0,FC Admira Wacker Mödling,65.0,RES,13.0,57,68,45,59,47,66,45,40,55,57,75,70,64,45,68,69,45,56,52,47,56,35,69,55,54,49,48,35,45,45.714285714285715,57.0,53.4,63.0
A. Granlund,Albin Granlund,9/1/1989,29,152.4,78.9,"LWB,LM",Finland,62,62,240000.0,1000.0,Right,1,4,2,Normal,300000.0,Finland,70.0,SUB,23.0,57,32,46,55,28,52,54,42,52,55,67,69,68,61,66,35,65,81,65,34,58,55,31,57,38,57,58,59,64,59.42857142857143,34.857142857142854,54.2,69.33333333333333
T. Doyle,Thomas Doyle,6/30/1992,26,182.88,73.0,"CB,LB,LWB",New Zealand,62,64,300000.0,1000.0,Left,1,2,2,Normal,398000.0,Wellington Phoenix,65.0,SUB,19.0,64,26,63,59,23,57,60,57,62,57,62,72,63,56,60,55,71,69,71,32,63,57,58,58,46,64,57,62,61,62.142857142857146,43.285714285714285,58.8,66.16666666666667
K. Despodov,Kiril Despodov,11/11/1996,22,152.4,68.9,RW,Bulgaria,63,71,550000.0,5000.0,Right,1,3,3,Normal,1000000.0,Bulgaria,67.0,LM,19.0,45,65,48,59,49,66,55,38,32,65,78,73,73,60,71,79,60,64,61,60,54,18,65,46,52,69,21,26,24,39.0,59.714285714285715,51.2,69.83333333333333
M. Ridenton,Matthew Ridenton,3/11/1996,22,154.94,72.1,"CM,CDM",New Zealand,63,68,475000.0,1000.0,Right,1,3,2,Normal,629000.0,Newcastle Jets,64.0,SUB,23.0,60,52,54,63,46,56,65,62,63,59,68,69,65,60,42,60,63,77,67,58,62,63,64,64,48,54,54,56,56,58.857142857142854,54.57142857142857,61.6,64.0
B. Tabla,Ballou Tabla,3/31/1999,19,175.26,69.9,"LM,RM,CAM",Canada,63,78,800000.0,1000.0,Right,1,4,3,Normal,1800000.0,Canada,70.0,SUB,11.0,52,53,44,62,55,71,69,54,53,64,85,77,94,53,82,66,34,53,40,66,68,32,58,57,45,60,32,45,30,43.857142857142854,55.285714285714285,59.2,70.83333333333333
D. Crnigoj,Domen Crnigoj,11/18/1995,23,185.42,69.9,"RW,RM,CM",Slovenia,64,73,700000.0,2000.0,Right,1,3,3,Normal,1200000.0,FC Lugano,66.0,SUB,33.0,62,48,29,64,49,67,56,55,60,68,78,71,77,64,66,63,49,70,75,56,42,38,58,64,34,59,35,38,30,45.285714285714285,48.142857142857146,62.4,68.5
D. Cornelius,Derek Cornelius,11/25/1997,21,187.96,86.2,CB,Canada,64,74,650000.0,1000.0,Left,1,3,2,Normal,1100000.0,Canada,70.0,SUB,4.0,33,18,62,51,28,32,25,22,45,42,65,68,60,56,59,37,73,66,77,21,70,55,22,30,31,50,64,64,62,63.142857142857146,31.285714285714285,36.6,65.16666666666667
R. Pietrzak,Rafał Pietrzak,1/30/1992,27,175.26,68.9,LB,Poland,64,65,425000.0,2000.0,Left,1,2,2,Normal,606000.0,Poland,77.0,SUB,2.0,62,40,51,57,51,60,62,71,49,58,78,73,72,59,72,60,62,73,65,55,55,62,63,56,50,61,55,64,62,60.57142857142857,52.857142857142854,59.0,71.66666666666667
D. Henry,Doneil Henry,4/20/1993,25,187.96,82.1,"CB,RB",Canada,65,70,600000.0,2000.0,Right,1,2,2,Normal,915000.0,Canada,70.0,SUB,2.0,43,36,67,55,45,44,37,40,50,50,62,55,55,53,47,65,80,49,77,47,81,62,32,47,30,56,59,62,61,65.42857142857143,46.0,46.6,58.0
L. González,Luis González,12/22/1990,28,170.18,66.2,"RW,CAM",Venezuela,65,65,575000.0,1000.0,Right,1,4,3,Normal,805000.0,Deportes Tolima,69.0,RW,15.0,68,50,48,69,61,71,67,67,72,66,75,73,76,62,82,57,70,52,61,41,44,25,66,62,69,56,30,43,53,44.57142857142857,56.0,66.6,71.33333333333333
G. Whyte,Gavin Whyte,1/31/1996,23,175.26,64.9,RM,Northern Ireland,65,73,800000.0,3000.0,Right,1,3,3,Lean,1600000.0,Northern Ireland,71.0,SUB,19.0,56,60,45,60,48,68,43,35,50,67,81,80,75,56,62,63,46,60,35,36,28,24,57,64,46,50,32,28,29,32.285714285714285,50.714285714285715,56.3,67.33333333333333
J. Contreras,José Contreras,10/20/1994,24,185.42,83.0,GK,Venezuela,65,72,550000.0,1000.0,Right,1,3,1,Normal,1100000.0,Venezuela,73.0,SUB,12.0,13,8,11,23,16,7,13,10,18,14,15,25,36,60,37,17,68,23,61,8,22,7,8,51,14,50,9,13,12,24.857142857142858,11.714285714285714,26.0,34.0
M. Amini,Mustafa Amini,4/20/1993,25,175.26,74.8,CM,Australia,65,69,675000.0,4000.0,Right,1,4,3,Stocky,894000.0,Australia,73.0,SUB,17.0,52,55,48,68,56,66,44,43,65,67,67,61,80,58,80,69,74,72,69,61,66,55,63,67,45,61,59,54,51,59.285714285714285,56.714285714285715,59.7,72.33333333333333
I. Maela,Innocent Maela,8/14/1992,26,170.18,68.0,"LB,LWB",South Africa,65,67,550000.0,1000.0,Left,1,3,3,Lean,1200000.0,South Africa,71.0,SUB,3.0,66,31,59,31,30,66,34,44,26,68,71,67,55,59,86,55,65,64,45,41,51,63,42,41,40,68,70,73,69,62.714285714285715,42.57142857142857,47.6,68.0
S. Méndez,Sebastián Méndez,4/26/1997,21,152.4,69.9,CDM,Ecuador,65,74,725000.0,2000.0,Right,1,3,2,Normal,1200000.0,Ecuador,72.0,LCM,20.0,62,56,62,69,48,58,32,54,67,56,70,71,74,66,72,64,66,69,58,62,67,65,52,55,49,57,64,63,59,61.857142857142854,56.142857142857146,57.4,70.33333333333333
A. Gersbach,Alex Gersbach,5/8/1997,21,182.88,73.0,LB,Australia,65,75,750000.0,2000.0,Left,1,3,2,Normal,1200000.0,Australia,73.0,SUB,3.0,60,34,53,57,33,59,54,44,50,60,82,80,79,60,69,36,62,73,71,34,61,61,59,54,33,59,62,63,61,62.57142857142857,40.285714285714285,55.2,74.16666666666667
D. Jaković,Dejan Jaković,7/16/1985,33,187.96,79.8,CB,Canada,66,66,375000.0,2000.0,Right,1,2,2,Normal,563000.0,Canada,70.0,LCB,5.0,17,30,61,54,46,42,40,32,49,50,39,43,32,59,45,52,68,62,82,43,79,64,27,50,39,49,66,65,62,66.71428571428571,42.57142857142857,44.3,48.166666666666664
C. Gunter,Chris Gunter,7/21/1989,29,154.94,71.2,"RB,LB,RWB",Wales,66,66,500000.0,9000.0,Right,1,4,2,Lean,950000.0,Wales,75.0,RB,2.0,60,44,58,60,52,56,56,23,60,62,75,74,71,59,67,48,65,91,64,41,62,63,61,58,47,50,60,61,61,60.142857142857146,50.142857142857146,55.2,73.83333333333333
A. Buksa,Adam Buksa,7/12/1996,22,190.5,78.9,ST,Poland,66,72,900000.0,2000.0,Right,1,4,3,Lean,1400000.0,Poland,77.0,SUB,13.0,47,67,69,59,61,64,54,46,44,63,67,71,62,54,47,60,75,72,72,60,51,24,68,58,65,59,31,23,21,40.142857142857146,64.28571428571429,54.7,65.66666666666667
R. Teibert,Russell Teibert,12/22/1992,26,172.72,66.2,"CDM,CM",Canada,66,70,700000.0,2000.0,Left,1,3,3,Lean,1100000.0,Canada,70.0,SUB,22.0,65,53,49,70,48,66,67,52,67,68,67,64,71,65,88,64,47,67,56,52,68,62,52,61,57,66,66,66,57,63.0,53.57142857142857,64.2,67.33333333333333
C. Doyle,Colin Doyle,6/12/1985,33,195.58,92.1,GK,Republic of Ireland,66,66,325000.0,2000.0,Right,1,3,1,Normal,569000.0,Republic of Ireland,74.0,SUB,1.0,15,14,11,32,14,15,13,11,33,32,32,32,55,62,44,33,50,27,59,12,23,15,7,26,25,40,30,13,15,27.857142857142858,16.571428571428573,26.5,40.0
M. Crépeau,Maxime Crépeau,5/11/1994,24,154.94,89.8,GK,Canada,66,72,650000.0,2000.0,Right,1,2,1,Stocky,1100000.0,Canada,70.0,SUB,1.0,19,17,14,28,19,15,16,14,22,19,39,39,46,61,35,23,53,34,69,14,34,17,7,44,23,39,10,17,17,29.0,16.714285714285715,28.2,41.0
F. Olinga,Fabrice Olinga Essono,5/12/1996,22,152.4,68.0,"LM,RM",Cameroon,66,73,900000.0,3000.0,Right,1,3,3,Lean,1500000.0,Cameroon,75.0,LM,12.0,66,48,33,61,54,76,38,60,58,71,79,76,84,58,80,68,76,53,46,57,38,13,58,57,51,62,15,26,11,30.142857142857142,52.714285714285715,60.2,74.66666666666667
R. Feltscher,Rolf Günther Feltscher Martínez,10/6/1990,28,182.88,89.8,"RB,CB,LB",Venezuela,66,66,525000.0,2000.0,Right,1,3,2,Stocky,788000.0,Venezuela,73.0,SUB,18.0,62,32,59,65,49,63,69,49,59,61,54,60,60,66,59,70,71,76,78,67,70,70,54,62,39,62,68,67,66,68.71428571428571,52.857142857142854,61.8,63.333333333333336
D. Bates,David Bates,10/5/1996,22,190.5,83.0,CB,Scotland,67,77,1100000.0,3000.0,Right,1,2,2,Normal,1900000.0,Scotland,75.0,RCB,4.0,21,18,73,56,22,27,21,26,38,49,52,65,43,62,66,32,77,59,76,16,66,61,21,38,35,59,63,67,64,65.14285714285714,31.0,37.6,60.333333333333336
M. Boxall,Michael Boxall,8/18/1988,30,187.96,91.2,"CB,RB",New Zealand,67,67,600000.0,3000.0,Right,1,2,2,Normal,900000.0,New Zealand,66.0,RCB,5.0,58,35,65,63,54,56,56,43,57,60,55,69,48,64,52,61,77,66,86,33,69,60,59,52,42,61,65,64,62,66.71428571428571,49.857142857142854,56.1,61.166666666666664
B. Baráth,Botond Baráth,4/21/1992,26,187.96,74.8,"RB,CB,LB",Hungary,67,69,750000.0,3000.0,Right,1,3,2,Normal,1200000.0,Hungary,73.0,SUB,23.0,68,38,68,62,39,48,33,22,54,61,68,77,65,66,62,39,68,69,77,48,75,58,34,25,20,47,71,65,67,65.71428571428571,40.857142857142854,46.4,68.16666666666667
T. Lam,Thomas Lam,12/18/1993,25,187.96,76.2,"CB,CM,CDM",Finland,67,70,825000.0,3000.0,Right,1,4,2,Lean,1300000.0,Finland,70.0,LCM,19.0,49,51,59,67,36,61,45,54,64,67,64,63,58,67,70,66,64,72,71,56,74,67,50,57,40,61,62,67,68,67.14285714285714,51.142857142857146,58.8,65.16666666666667
S. Ferguson,Shane Ferguson,7/12/1991,27,175.26,66.2,"LM,LB",Northern Ireland,67,67,825000.0,5000.0,Left,1,3,3,Lean,1600000.0,Northern Ireland,71.0,SUB,3.0,72,57,60,62,57,66,70,61,59,67,75,76,77,62,77,59,68,69,64,53,60,59,58,63,55,54,62,66,65,61.42857142857143,57.0,64.5,73.66666666666667
M. Sayouba,Mandé Sayouba,6/15/1993,25,193.04,82.1,GK,Ivory Coast,67,72,725000.0,3000.0,Right,1,2,1,Normal,961000.0,Côte d'Ivoire,75.0,SUB,23.0,18,19,20,30,20,12,16,13,25,19,47,40,32,59,50,22,50,36,69,15,19,25,16,55,15,25,9,12,14,24.714285714285715,18.142857142857142,30.2,42.5
S. Leuko,Serge Sidoine Tchaha Leuko,8/4/1993,25,175.26,69.9,"RB,LB",Cameroon,67,72,850000.0,3000.0,Right,1,3,2,Normal,1400000.0,Cameroon,75.0,SUB,22.0,64,42,59,62,51,55,63,39,53,60,74,77,75,57,81,71,62,80,66,50,63,61,52,45,41,55,60,66,68,62.714285714285715,52.285714285714285,54.3,74.83333333333333
A. Djoum,Gilles Arnaud Sutchuin Djoum,5/2/1989,29,182.88,78.0,"CM,CAM,LM,CDM",Cameroon,67,67,725000.0,3000.0,Right,1,3,3,Lean,1300000.0,Cameroon,75.0,SUB,20.0,52,60,53,68,55,66,54,53,67,70,69,65,66,63,67,64,69,67,70,60,50,58,63,65,51,58,52,64,64,59.42857142857143,58.0,62.3,67.16666666666667
L. Haquin,Luis Haquin,11/15/1997,21,154.94,76.2,CB,Bolivia,67,73,900000.0,2000.0,Right,1,3,2,Normal,1700000.0,Puebla FC,70.0,SUB,4.0,28,21,73,50,26,43,22,26,47,45,74,63,46,67,64,47,70,79,74,21,71,65,21,32,42,53,65,67,65,65.71428571428571,35.857142857142854,39.2,66.0
J. Hendry,Jack Hendry,5/7/1995,23,193.04,81.2,"CB,RB",Scotland,67,74,925000.0,13000.0,Right,1,2,2,Lean,1900000.0,Scotland,75.0,SUB,14.0,44,26,65,64,26,61,38,28,54,62,70,72,60,60,60,50,75,71,77,35,72,61,30,42,37,63,64,67,66,67.14285714285714,38.42857142857143,49.5,68.0
A. Davies,Adam Davies,7/17/1992,26,185.42,79.8,GK,Wales,67,72,725000.0,3000.0,Right,1,3,1,Normal,1300000.0,Wales,75.0,SUB,21.0,12,11,16,25,13,12,16,18,13,16,40,40,39,69,40,26,46,29,47,15,31,15,8,40,23,47,18,16,13,26.714285714285715,16.0,26.1,39.0
T. Lorch,Thembinkosi Lorch,7/22/1993,25,170.18,66.2,"LW,RW,CAM,LM",South Africa,67,69,950000.0,1000.0,Right,1,4,3,Lean,2100000.0,South Africa,71.0,SUB,14.0,74,69,49,69,55,64,55,54,52,63,76,73,69,62,78,60,69,58,49,50,58,53,67,59,46,59,50,38,30,48.142857142857146,56.57142857142857,61.1,70.5
M. James,Manjrekar James,8/5/1993,25,193.04,83.9,"CB,CDM",Canada,67,72,875000.0,6000.0,Right,1,4,2,Normal,1200000.0,Canada,70.0,RCB,3.0,34,29,65,64,32,49,44,22,60,58,64,66,47,60,60,54,79,70,84,51,75,64,31,45,40,55,64,64,59,66.42857142857143,43.142857142857146,48.1,64.33333333333333
E. Flores,Edison Flores,5/14/1994,24,170.18,68.0,"LM,RM,CM",Peru,67,69,950000.0,4000.0,Left,1,4,4,Normal,1700000.0,Monarcas Morelia,69.0,LCM,14.0,67,64,34,62,64,74,65,59,58,69,75,77,88,52,84,58,86,66,57,65,18,34,60,63,62,64,38,42,25,39.714285714285715,58.142857142857146,63.2,79.33333333333333
R. Grant,Rhyan Grant,2/26/1991,28,175.26,73.9,RB,Australia,68,68,750000.0,4000.0,Right,1,3,3,Normal,938000.0,Sydney FC,67.0,RB,23.0,63,54,52,70,42,63,56,51,56,66,73,68,77,62,73,67,82,92,73,63,70,65,65,59,56,66,64,65,63,66.57142857142857,57.0,60.5,77.5
A. Santamaría,Anderson Santamaría,1/10/1992,27,182.88,79.8,CB,Peru,68,71,925000.0,8000.0,Right,1,3,3,Normal,1600000.0,Club Atlas,70.0,LCB,5.0,61,55,68,66,58,66,59,64,66,65,64,68,60,51,63,72,50,69,71,65,68,65,62,62,62,66,70,71,69,68.57142857142857,63.142857142857146,62.2,62.333333333333336
B. Peacock-Farrell,Bailey Peacock-Farrell,10/29/1996,22,193.04,73.0,GK,Northern Ireland,68,77,1100000.0,8000.0,Left,1,2,1,Normal,2200000.0,Northern Ireland,71.0,GK,1.0,14,11,17,37,11,17,20,11,29,30,54,51,40,63,69,28,68,34,61,17,24,20,14,38,29,47,19,20,20,30.142857142857142,18.142857142857142,29.7,52.666666666666664
S. Skrabb,Simon Skrabb,1/19/1995,24,175.26,74.8,"CF,ST",Finland,68,74,1200000.0,3000.0,Left,1,2,3,Normal,1800000.0,Finland,70.0,SUB,6.0,53,70,54,66,65,67,62,59,60,66,79,77,82,65,79,67,77,82,68,63,55,35,69,63,49,62,62,32,27,48.714285714285715,62.42857142857143,62.4,79.33333333333333
S. Singh,Sarpreet Singh,2/20/1999,20,172.72,64.9,CAM,New Zealand,68,78,1400000.0,1000.0,Left,1,3,3,Lean,2000000.0,Wellington Phoenix,65.0,CAM,18.0,71,58,44,68,56,70,71,68,68,66,74,71,76,66,82,57,62,66,48,68,66,55,58,73,57,71,52,45,41,54.0,56.857142857142854,69.4,71.83333333333333
N. Moumi Ngamaleu,Nicolas Moumi Ngamaleu,7/9/1994,24,154.94,73.9,"RM,ST",Cameroon,68,74,1200000.0,8000.0,Right,1,3,3,Normal,2100000.0,BSC Young Boys,71.0,LM,13.0,58,68,61,62,62,67,58,45,51,68,85,90,75,63,68,69,71,69,68,58,55,32,64,58,64,58,32,27,28,42.857142857142854,63.714285714285715,58.8,76.33333333333333
B. Woodburn,Ben Woodburn,10/15/1999,19,175.26,72.1,"CAM,LW,ST",Wales,68,85,1800000.0,15000.0,Right,1,4,3,Normal,4600000.0,Wales,75.0,SUB,19.0,50,62,44,67,45,70,50,45,59,71,82,73,79,62,79,66,60,67,52,62,31,28,67,58,62,60,20,15,21,32.42857142857143,58.285714285714285,59.0,73.33333333333333
T. Roberts,Tyler Roberts,1/12/1999,20,154.94,74.8,ST,Wales,68,80,1600000.0,9000.0,Right,1,3,3,Normal,3300000.0,Wales,75.0,SUB,22.0,60,67,62,65,58,72,57,42,51,69,77,84,78,60,73,66,60,69,73,61,45,21,67,61,72,66,20,23,18,38.0,64.71428571428571,59.8,73.5
J. Magennis,Josh Magennis,8/15/1990,28,187.96,92.1,ST,Northern Ireland,68,68,950000.0,5000.0,Right,1,3,2,Stocky,1800000.0,Northern Ireland,71.0,SUB,21.0,62,64,71,55,48,58,42,28,58,63,78,80,59,62,53,72,83,79,91,57,74,52,64,56,61,57,58,49,48,61.285714285714285,62.42857142857143,54.0,72.0
A. Skúlason,Ari Freyr Skúlason,5/14/1987,31,170.18,67.1,"LB,LM",Iceland,68,68,575000.0,6000.0,Left,1,2,3,Lean,834000.0,Iceland,72.0,SUB,23.0,70,51,37,64,57,67,66,65,59,69,74,69,80,68,89,73,78,84,64,68,71,62,57,76,63,69,68,67,64,66.42857142857143,58.0,68.0,79.0
Nouhou,Nouhou Tolo,6/23/1997,21,152.4,78.9,LB,Cameroon,68,76,1100000.0,2000.0,Left,1,2,3,Stocky,1900000.0,Cameroon,75.0,SUB,14.0,57,28,50,63,30,64,63,31,55,64,86,87,71,64,72,56,84,82,76,33,77,63,53,51,48,61,62,65,63,66.71428571428571,42.57142857142857,56.3,80.33333333333333
M. Smith,Michael Smith,9/4/1988,30,154.94,71.2,"RB,CB,RWB",Northern Ireland,68,68,675000.0,4000.0,Right,1,4,2,Lean,1200000.0,Northern Ireland,71.0,RB,22.0,64,38,55,65,35,62,55,43,60,65,79,79,74,61,81,42,78,76,75,49,63,62,53,57,39,65,67,69,66,66.71428571428571,44.42857142857143,58.9,77.83333333333333
G. Kamara,Glen Kamara,10/28/1995,23,182.88,73.0,"CM,CDM",Finland,68,76,1300000.0,17000.0,Right,1,4,3,Lean,2600000.0,Finland,70.0,RCM,16.0,43,38,41,70,41,65,43,37,68,71,68,71,75,68,70,47,61,74,69,55,68,69,59,63,47,64,61,66,62,65.57142857142857,46.857142857142854,59.1,69.83333333333333
S. Córdova,Sergio Córdova,8/9/1997,21,187.96,87.1,ST,Venezuela,68,78,1500000.0,8000.0,Right,1,2,3,Normal,2900000.0,Venezuela,73.0,SUB,21.0,37,67,56,59,64,71,63,40,50,64,76,78,66,62,65,71,54,53,78,64,42,18,65,61,62,58,20,19,17,36.0,64.14285714285714,56.8,65.33333333333333
D. Nagy,Dominik Nagy,5/8/1995,23,175.26,68.9,"LM,RM",Hungary,68,72,1200000.0,4000.0,Left,1,3,3,Lean,1700000.0,Hungary,73.0,SUB,18.0,64,58,42,65,61,67,59,52,62,65,84,78,71,65,82,62,49,77,51,59,49,31,62,65,54,62,49,40,44,46.57142857142857,56.857142857142854,62.9,73.5
M. McGovern,Michael McGovern,7/12/1984,34,190.5,88.9,GK,Northern Ireland,68,68,450000.0,8000.0,Right,1,3,1,Normal,855000.0,Northern Ireland,71.0,SUB,23.0,11,9,20,13,15,10,11,13,22,15,32,34,48,60,33,20,52,33,49,13,18,23,16,40,14,34,9,17,12,23.142857142857142,15.285714285714286,23.5,38.666666666666664
J. Moreno,Junior Leonardo Moreno Borrero,7/20/1993,25,175.26,73.0,CDM,Venezuela,68,75,1100000.0,3000.0,Right,1,4,2,Normal,1800000.0,Venezuela,73.0,CDM,5.0,65,51,62,71,48,60,73,65,69,64,64,65,54,63,73,66,64,73,72,59,74,66,39,54,61,70,65,65,59,67.28571428571429,55.142857142857146,63.8,65.5
A. Toşca,Alin Toşca,3/14/1992,26,154.94,78.0,"LB,CB",Romania,68,70,875000.0,1000.0,Left,1,3,2,Normal,1900000.0,Romania,72.0,SUB,3.0,61,46,66,69,43,55,39,34,61,62,72,71,67,67,61,44,57,56,70,42,62,69,54,54,41,60,60,69,74,66.28571428571429,48.0,55.6,64.0
M. Bagayoko,Mamadou Bagayoko,12/31/1989,29,175.26,66.2,"RB,RWB",Ivory Coast,68,68,700000.0,3000.0,Right,1,3,3,Lean,1200000.0,Côte d'Ivoire,75.0,SUB,18.0,69,21,52,56,26,63,27,33,51,67,76,74,77,61,78,31,70,72,61,25,71,62,56,53,45,58,74,66,70,66.0,36.57142857142857,53.3,74.5
M. Jurman,Matthew Jurman,12/8/1989,29,190.5,87.1,CB,Australia,69,69,850000.0,16000.0,Left,1,2,2,Normal,1400000.0,Al Ittihad,71.0,RES,5.0,55,41,67,60,25,48,30,29,64,47,53,47,62,54,41,56,69,75,86,34,78,71,23,45,37,57,68,67,65,70.28571428571429,40.42857142857143,47.7,57.833333333333336
T. Smith,Tommy Smith,3/31/1990,28,187.96,82.1,CB,New Zealand,69,70,950000.0,4000.0,Left,1,2,2,Normal,1500000.0,New Zealand,66.0,LCB,2.0,49,24,73,61,30,40,23,32,58,59,58,62,60,63,52,41,77,76,80,38,76,65,45,50,34,59,66,68,62,68.0,40.714285714285715,48.5,64.16666666666667
S. Villa,Sebastián Villa,5/19/1996,22,152.4,71.2,"RW,LW,ST",Colombia,69,79,1700000.0,10000.0,Right,1,3,3,Lean,2700000.0,Boca Juniors,76.0,SUB,22.0,68,63,35,63,38,73,39,35,52,69,83,84,83,66,70,54,55,72,50,40,53,26,67,63,50,65,45,25,26,41.42857142857143,49.57142857142857,59.1,74.5
W. Johnson,Will Johnson,1/21/1987,32,152.4,72.1,"CDM,RB",Canada,69,69,700000.0,4000.0,Right,1,4,3,Normal,1000000.0,Canada,70.0,SUB,15.0,56,59,60,72,72,64,70,69,69,64,65,58,63,63,70,75,64,77,70,67,75,63,60,62,72,63,64,69,68,67.42857142857143,66.42857142857143,65.1,66.16666666666667
A. Guðmundsson,Albert Guðmundsson,6/15/1997,21,152.4,79.8,"RW,CAM",Iceland,69,81,1900000.0,6000.0,Right,1,3,3,Normal,3200000.0,Iceland,72.0,SUB,4.0,64,63,39,71,56,73,62,62,69,78,77,75,68,53,72,57,63,68,68,52,53,29,63,74,65,70,25,39,43,46.714285714285715,56.42857142857143,68.0,70.5
D. Giannoulis,Dimitris Giannoulis,10/17/1995,23,152.4,71.2,LB,Greece,69,76,1200000.0,1000.0,Left,1,2,3,Lean,2900000.0,Greece,75.0,SUB,21.0,67,42,60,60,44,65,56,40,63,63,75,79,68,65,73,68,61,76,56,38,66,67,61,56,47,60,65,65,68,63.857142857142854,51.42857142857143,59.1,72.0
C. McLaughlin,Conor McLaughlin,7/26/1991,27,182.88,71.2,"RB,RWB",Northern Ireland,69,70,1000000.0,7000.0,Right,1,3,3,Lean,2000000.0,Northern Ireland,71.0,SUB,2.0,70,43,62,66,35,64,61,44,60,65,74,67,71,63,63,62,87,77,67,43,65,65,60,61,49,65,67,72,65,66.57142857142857,50.57142857142857,61.5,73.16666666666667
A. Polo,Andy Polo,9/29/1994,24,175.26,71.2,"RM,CM,LM",Peru,69,74,1400000.0,4000.0,Right,1,3,3,Normal,2200000.0,Peru,73.0,SUB,14.0,63,62,57,63,54,66,54,45,62,67,88,89,84,71,84,61,44,74,47,58,41,59,63,61,44,59,37,53,48,49.142857142857146,57.0,61.3,77.16666666666667
L. Boyce,Liam Boyce,4/8/1991,27,182.88,74.8,ST,Northern Ireland,69,69,1100000.0,6000.0,Right,1,3,3,Normal,2000000.0,Northern Ireland,71.0,ST,18.0,43,71,70,61,55,67,58,60,28,65,69,70,70,62,69,74,74,60,82,66,73,34,66,60,73,70,33,24,19,47.857142857142854,67.85714285714286,56.4,68.66666666666667
C. Roberts,Connor Roberts,9/23/1995,23,175.26,71.2,"RB,RW,LB",Wales,69,77,1300000.0,10000.0,Right,1,4,3,Normal,2800000.0,Wales,75.0,SUB,14.0,68,35,52,69,20,66,38,18,55,63,72,67,71,64,70,43,61,78,60,27,58,69,55,52,41,50,68,71,67,63.285714285714285,39.0,54.5,69.83333333333333
G. Puşcaş,George Puşcaş,4/8/1996,22,187.96,78.0,ST,Romania,69,77,1600000.0,2000.0,Right,1,3,3,Lean,2800000.0,Romania,72.0,ST,9.0,40,70,67,53,68,70,62,49,39,70,69,66,70,69,71,65,66,59,69,55,56,21,74,52,69,71,25,23,20,40.714285714285715,66.85714285714286,55.6,66.83333333333333
R. Gíslason,Rúrik Gíslason,2/25/1988,31,182.88,78.0,"ST,RM,LM",Iceland,69,69,1000000.0,4000.0,Right,1,3,2,Normal,1600000.0,Iceland,72.0,SUB,19.0,66,68,59,67,63,69,65,59,59,62,74,78,67,68,64,72,75,71,76,71,75,40,71,62,52,70,40,40,26,52.42857142857143,65.14285714285714,63.9,71.5
R. Ibarra,Romario Ibarra,9/24/1994,24,175.26,76.2,"LM,LW",Ecuador,69,73,1400000.0,4000.0,Right,1,4,3,Normal,2200000.0,Ecuador,72.0,SUB,7.0,71,64,62,70,54,67,61,59,66,64,82,90,85,56,73,65,59,79,71,55,41,26,62,55,68,64,39,32,34,43.857142857142854,61.42857142857143,62.4,78.0
M. Kaye,Mark-Anthony Kaye,12/2/1994,24,185.42,77.1,"CM,CAM",Canada,69,76,1500000.0,4000.0,Left,1,3,3,Lean,2500000.0,Canada,70.0,SUB,14.0,63,47,55,73,44,68,42,37,67,72,71,76,68,69,50,62,65,83,67,49,69,62,57,65,46,55,57,66,56,61.714285714285715,51.42857142857143,62.1,68.83333333333333
M. Rojas,Marco Rojas,11/5/1991,27,167.64,64.0,"RW,LW",New Zealand,69,69,1100000.0,8000.0,Right,1,4,4,Normal,1400000.0,New Zealand,66.0,LW,11.0,60,66,21,63,66,72,72,64,61,71,88,89,82,62,84,69,57,62,30,64,49,35,60,66,57,65,28,19,20,35.142857142857146,57.57142857142857,65.7,77.0
J. Knudsen,Jonas Knudsen,9/16/1992,26,185.42,82.1,"LB,CB,LWB",Denmark,69,72,1100000.0,5000.0,Left,1,3,2,Normal,2100000.0,Denmark,78.0,SUB,5.0,67,25,64,62,29,62,64,62,63,65,71,71,73,63,75,70,70,81,69,64,66,65,64,59,41,56,67,69,68,65.71428571428571,51.0,62.6,73.5
S. Dallas,Stuart Dallas,4/19/1991,27,182.88,81.2,"LM,RM,RB",Northern Ireland,69,69,1100000.0,19000.0,Right,1,3,3,Normal,2100000.0,Northern Ireland,71.0,LM,14.0,66,61,54,68,61,70,57,50,60,68,73,73,72,61,69,68,54,80,69,61,62,51,68,65,57,67,51,58,54,58.857142857142854,61.42857142857143,63.0,70.16666666666667
C. Evans,Corry Evans,7/30/1990,28,154.94,68.9,"CDM,CM",Northern Ireland,69,69,875000.0,18000.0,Right,1,3,2,Lean,1700000.0,Northern Ireland,71.0,SUB,13.0,56,51,59,70,51,54,58,54,64,68,59,66,65,68,72,68,61,80,65,66,74,71,44,56,47,59,70,66,62,66.71428571428571,55.142857142857146,60.4,67.16666666666667
K. Mokotjo,Kamohelo Mokotjo,3/11/1991,27,175.26,72.1,"CM,CDM",South Africa,69,70,1200000.0,19000.0,Right,1,3,3,Normal,2300000.0,South Africa,71.0,RDM,10.0,52,46,42,77,40,63,51,46,68,71,67,65,69,68,81,59,74,73,66,52,62,70,60,67,50,77,62,70,64,67.28571428571429,49.857142857142854,63.0,71.5
T. Sparv,Tim Sparv,2/20/1987,32,193.04,83.9,"CM,CDM",Finland,70,70,1500000.0,13000.0,Left,1,2,2,Lean,2000000.0,Finland,70.0,SUB,14.0,59,47,70,72,38,58,62,60,70,69,45,52,55,72,51,70,30,82,78,64,82,73,60,67,42,72,70,71,68,73.42857142857143,55.857142857142854,65.6,52.5
C. Mepham,Chris Mepham,11/5/1997,21,190.5,74.8,CB,Wales,70,79,2400000.0,20000.0,Right,1,3,2,Lean,5000000.0,Wales,75.0,LCB,20.0,29,22,58,66,24,56,25,31,54,66,64,65,51,66,64,33,74,66,74,24,68,68,28,53,42,64,69,72,72,69.57142857142857,33.0,49.9,64.0
Y. Reyna,José Yordy Reyna Serna,9/17/1993,25,170.18,68.0,"ST,CAM",Peru,70,75,2400000.0,5000.0,Right,1,4,3,Normal,3700000.0,Peru,73.0,SUB,9.0,52,67,64,69,64,74,69,60,57,74,85,88,83,66,79,65,68,69,59,63,60,29,65,66,62,64,48,33,21,44.857142857142854,64.28571428571429,65.3,78.66666666666667
E. Ersoy,Ertuğrul Ersoy,2/13/1997,22,187.96,82.1,"CB,RB",Turkey,70,80,2500000.0,7000.0,Right,1,3,2,Normal,5500000.0,Turkey,76.0,SUB,21.0,23,22,71,62,31,53,34,29,53,54,64,60,50,65,54,45,72,70,79,29,66,67,28,36,33,63,71,74,67,69.57142857142857,37.0,44.5,61.666666666666664
V. Lampropoulos,Vasilios Lampropoulos,3/31/1990,28,185.42,83.0,CB,Greece,70,70,1400000.0,1000.0,Right,1,2,2,Normal,3200000.0,Greece,75.0,SUB,3.0,59,36,66,58,35,48,36,40,64,54,69,69,66,64,54,52,68,76,74,49,64,72,40,42,40,62,72,74,72,70.0,45.42857142857143,50.7,67.0
S. Bain,Scott Bain,11/22/1991,27,154.94,83.9,GK,Scotland,70,74,1600000.0,20000.0,Right,1,3,1,Normal,3000000.0,Scotland,75.0,SUB,12.0,16,12,16,27,15,13,16,21,24,11,41,46,43,69,53,23,72,30,66,14,35,23,17,66,19,62,19,11,10,32.285714285714285,16.571428571428573,32.9,47.5
J. Joronen,Jesse Joronen,3/21/1993,25,198.12,88.9,GK,Finland,70,74,1600000.0,8000.0,Left,1,2,1,Normal,2200000.0,Finland,70.0,GK,12.0,15,13,18,17,12,16,14,12,20,16,41,37,36,60,36,19,37,30,60,13,37,19,14,28,14,52,20,14,15,31.0,14.714285714285714,22.6,36.166666666666664
L. Abram,Luis Abram,2/27/1996,23,154.94,76.2,CB,Peru,70,79,2400000.0,7000.0,Left,1,3,2,Normal,4000000.0,Vélez Sarsfield,71.0,SUB,29.0,34,24,70,60,30,46,27,25,52,54,67,69,55,60,53,42,83,72,70,20,71,72,35,33,34,52,68,73,71,68.14285714285714,36.42857142857143,42.4,66.5
P. McNair,Paddy McNair,4/27/1995,23,182.88,72.1,"CDM,CM,CB",Northern Ireland,70,78,2300000.0,22000.0,Right,1,3,3,Lean,4700000.0,Northern Ireland,71.0,SUB,17.0,43,53,72,69,45,66,49,36,66,66,63,64,58,69,63,66,78,61,76,58,76,71,58,62,43,66,73,72,72,72.28571428571429,56.42857142857143,58.8,64.5
J. David,Jonathan David,1/14/2000,19,152.4,77.1,"ST,CF,CAM",Canada,70,84,3700000.0,7000.0,Right,1,4,3,Normal,7900000.0,Canada,70.0,SUB,19.0,42,74,64,63,66,71,41,34,53,71,81,80,81,61,76,71,78,61,67,61,25,17,64,62,58,64,21,21,19,33.42857142857143,65.42857142857143,56.0,76.16666666666667
S. Fletcher,Steven Fletcher,3/26/1987,31,185.42,76.2,ST,Scotland,70,70,1600000.0,17000.0,Left,2,2,3,Lean,3000000.0,Scotland,75.0,ST,9.0,55,71,77,62,70,64,36,31,60,72,54,55,68,70,65,76,81,52,77,63,56,36,68,65,73,73,34,22,14,44.57142857142857,71.14285714285714,58.0,62.5
J. Murillo,Jhon Murillo,11/21/1995,23,170.18,66.2,"RM,ST",Venezuela,70,79,2700000.0,3000.0,Right,1,3,3,Lean,6300000.0,CD Tondela,69.0,SUB,14.0,52,69,58,60,52,72,69,38,45,74,90,93,92,76,91,70,69,70,33,68,45,20,67,58,66,59,39,22,20,34.0,64.28571428571429,60.2,84.16666666666667
J. Lewis,Jamal Lewis,1/25/1998,21,152.4,69.9,LB,Northern Ireland,70,82,2800000.0,10000.0,Left,1,3,3,Lean,5800000.0,Northern Ireland,71.0,LB,11.0,63,50,52,65,39,69,56,40,61,68,76,82,74,58,74,60,72,86,62,44,48,68,67,54,38,76,72,70,67,66.14285714285714,50.0,58.8,77.33333333333333
D. Sow,Djibril Sow,2/6/1997,22,182.88,77.1,CM,Switzerland,70,80,2800000.0,9000.0,Right,1,4,3,Lean,4800000.0,BSC Young Boys,71.0,LCM,8.0,65,48,52,74,64,67,58,48,72,72,76,78,67,64,70,63,64,78,69,66,55,59,63,68,54,64,67,62,54,61.42857142857143,58.57142857142857,65.6,72.16666666666667
R. Rúnarsson,Rúnar Alex Rúnarsson,2/18/1995,24,185.42,76.2,GK,Iceland,70,78,2000000.0,5000.0,Right,1,2,1,Normal,4300000.0,Iceland,72.0,SUB,13.0,18,14,17,16,13,13,17,14,15,32,45,46,43,61,55,16,59,41,56,15,23,12,16,39,22,42,12,19,15,25.571428571428573,16.142857142857142,26.4,48.166666666666664
A. Mabil,Awer Mabil,9/15/1995,23,152.4,73.0,RW,Australia,70,78,2600000.0,12000.0,Right,1,3,4,Lean,3900000.0,Australia,73.0,RW,21.0,68,59,33,62,48,75,62,60,47,73,93,92,85,65,72,60,56,68,46,44,35,25,65,57,53,60,37,23,20,35.142857142857146,51.714285714285715,62.6,77.66666666666667
P. Arajuuri,Paulus Arajuuri,6/15/1988,30,193.04,92.1,CB,Finland,70,70,1300000.0,14000.0,Right,1,2,2,Normal,1600000.0,Finland,70.0,RCB,2.0,27,36,71,58,25,39,45,30,61,45,38,43,37,63,36,51,72,71,92,24,84,70,29,32,20,66,62,69,67,72.85714285714286,36.57142857142857,43.2,49.5
B. Cortés,Brayan Cortés,5/29/1995,23,185.42,78.9,GK,Chile,70,80,2200000.0,3000.0,Right,1,3,1,Normal,3500000.0,Colo-Colo,71.0,GK,12.0,29,14,16,25,15,13,16,12,23,25,48,48,39,65,55,31,59,40,70,20,41,30,18,41,21,60,18,14,15,35.42857142857143,19.285714285714285,29.0,48.166666666666664
A. Elmohamady,Ahmed Eissa  El Mohamady Abdel Fattah,9/9/1987,31,182.88,78.0,"RB,RM",Egypt,70,70,1300000.0,10000.0,Right,2,3,3,Lean,2400000.0,Egypt,73.0,SUB,3.0,72,61,72,71,60,68,76,69,69,71,73,73,72,72,63,70,81,83,72,66,59,68,69,67,59,68,63,66,61,65.28571428571429,65.28571428571429,70.2,74.16666666666667
S. Popov,Strahil Venkov Popov,8/31/1990,28,185.42,77.1,RB,Bulgaria,70,70,1500000.0,8000.0,Right,1,3,3,Lean,2900000.0,Bulgaria,67.0,SUB,2.0,71,62,66,67,51,65,73,65,62,63,68,75,53,72,53,64,78,67,72,63,64,70,64,53,30,68,72,68,71,69.28571428571429,57.142857142857146,64.4,65.66666666666667
L. Krajnc,Luka Krajnc,9/19/1994,24,187.96,86.2,CB,Slovenia,71,73,2400000.0,9000.0,Left,1,2,2,Normal,4600000.0,Slovenia,75.0,SUB,5.0,58,25,65,64,37,56,48,26,61,64,63,65,58,62,64,44,77,65,84,30,69,68,46,31,44,63,68,71,70,70.42857142857143,41.57142857142857,50.1,65.33333333333333
V. Angban,Victorien Angban,9/29/1996,22,154.94,74.8,"CM,CDM",Ivory Coast,71,80,3600000.0,4000.0,Right,1,4,3,Normal,7300000.0,Côte d'Ivoire,75.0,SUB,6.0,60,47,42,74,38,69,61,46,72,76,56,65,71,67,70,64,66,75,74,56,81,67,57,69,40,74,51,69,64,68.57142857142857,49.142857142857146,66.3,67.16666666666667
C. O'Dowda,Callum O'Dowda,4/23/1995,23,154.94,74.8,"LM,RM",Republic of Ireland,71,78,3300000.0,23000.0,Left,1,2,3,Lean,7000000.0,Republic of Ireland,74.0,LS,8.0,69,62,59,67,48,73,55,57,56,70,87,84,80,67,74,60,67,71,65,58,48,38,61,64,58,56,43,31,25,43.714285714285715,58.0,64.2,77.16666666666667
L. Stulac,Leo Štulac,9/26/1994,24,175.26,69.9,CDM,Slovenia,71,79,3000000.0,19000.0,Right,1,3,2,Lean,6000000.0,Slovenia,75.0,SUB,15.0,60,52,55,77,67,60,70,66,70,69,69,71,74,66,72,76,64,71,69,78,70,67,64,68,50,61,64,70,69,67.14285714285714,63.142857142857146,67.4,70.16666666666667
R. Lod,Robin Lod,4/17/1993,25,154.94,76.2,"LM,CAM,RM",Finland,71,74,3000000.0,7000.0,Left,1,4,3,Normal,5000000.0,Finland,70.0,RM,7.0,67,70,56,74,65,71,65,59,68,73,71,73,72,67,64,76,55,67,67,74,56,49,68,69,61,67,64,44,42,55.57142857142857,67.14285714285714,68.2,67.0
B. Özcan,Berkay Özcan,2/15/1998,21,154.94,78.9,"CAM,LM,LW",Turkey,71,78,3400000.0,7000.0,Right,1,4,3,Normal,6000000.0,Turkey,76.0,SUB,20.0,67,56,43,74,53,76,55,52,65,75,67,65,77,70,75,54,56,66,67,43,52,29,62,75,51,65,31,34,46,46.285714285714285,51.714285714285715,68.4,67.66666666666667
M. Rohdén,Marcus Rohdén,5/11/1991,27,182.88,76.2,"CM,RM",Sweden,71,71,2400000.0,3000.0,Right,1,4,3,Normal,3900000.0,Sweden,76.0,SUB,19.0,60,63,42,70,65,68,64,49,71,70,70,71,74,77,73,77,71,93,71,65,87,63,67,67,66,74,54,66,56,67.28571428571429,63.57142857142857,66.3,75.33333333333333
J. Osorio,Jonathan Osorio,6/12/1992,26,175.26,73.0,"CM,CAM,LM",Canada,71,73,2800000.0,6000.0,Right,1,4,3,Normal,4400000.0,Canada,70.0,RCM,21.0,59,67,51,75,55,73,64,65,66,72,67,67,83,69,76,70,54,77,57,66,69,60,69,69,53,72,55,56,49,59.714285714285715,61.57142857142857,68.1,70.66666666666667
A. Domínguez,Alexander Domínguez Carabalí,6/5/1987,31,195.58,83.9,GK,Ecuador,71,71,1400000.0,7000.0,Right,1,3,1,Lean,2200000.0,Vélez Sarsfield,71.0,SUB,22.0,13,18,11,28,17,19,19,11,22,22,29,35,36,73,40,25,50,30,69,13,21,16,15,59,18,63,18,20,19,32.285714285714285,16.714285714285715,32.5,36.666666666666664
S. McTominay,Scott McTominay,12/8/1996,22,193.04,88.0,"CM,CDM",Scotland,71,81,3800000.0,43000.0,Right,1,3,3,Lean,8000000.0,Scotland,75.0,SUB,17.0,66,58,72,74,53,65,54,34,69,73,62,65,64,67,51,71,66,73,78,61,72,73,61,71,59,76,71,71,65,72.28571428571429,62.142857142857146,64.4,63.5
A. Bouchalakis,Andreas Bouchalakis,4/5/1993,25,187.96,83.9,"CM,CDM",Greece,71,73,2800000.0,1000.0,Left,1,4,3,Normal,6200000.0,Greece,75.0,SUB,6.0,65,58,63,75,64,66,66,71,77,71,60,65,66,70,66,80,65,70,73,76,66,63,63,66,61,68,65,68,61,66.28571428571429,66.42857142857143,69.3,65.33333333333333
J. Irvine,Jackson Irvine,3/7/1993,26,187.96,69.9,"CAM,CM,CDM",Australia,71,75,3100000.0,17000.0,Right,1,3,3,Normal,6000000.0,Australia,73.0,LCM,22.0,61,70,73,69,58,67,60,63,65,71,75,68,62,74,66,72,82,81,80,66,75,69,71,71,55,71,68,71,68,71.71428571428571,66.42857142857143,67.2,72.33333333333333
O. Bayram,Ömer Bayram,7/27/1991,27,172.72,73.0,"LB,LM",Turkey,71,71,2000000.0,29000.0,Left,1,3,3,Stocky,3800000.0,Turkey,76.0,SUB,22.0,73,63,50,69,60,75,76,73,54,74,83,84,81,67,79,74,82,68,63,71,52,68,72,67,70,63,64,71,66,63.857142857142854,65.71428571428571,69.5,79.5
P. Frankowski,Przemysław Frankowski,4/12/1995,23,172.72,69.9,RM,Poland,71,77,3200000.0,5000.0,Right,1,3,3,Normal,5500000.0,Poland,77.0,SUB,14.0,66,69,57,68,53,64,63,48,67,66,93,92,76,64,73,58,72,83,68,56,53,48,65,57,52,61,40,52,49,53.0,58.57142857142857,62.0,81.5
H. Dalsgaard,Henrik Dalsgaard,7/27/1989,29,193.04,81.2,"RWB,RB",Denmark,71,71,1900000.0,25000.0,Right,1,3,3,Normal,3600000.0,Denmark,78.0,RB,14.0,70,58,62,64,51,66,48,52,58,67,77,82,68,66,66,67,65,70,73,54,68,75,69,58,52,58,67,72,70,69.0,59.0,60.7,71.33333333333333
M. Olsson,Martin Olsson,5/17/1988,30,152.4,81.2,"LB,LWB",Sweden,71,71,1700000.0,17000.0,Left,2,2,3,Normal,3300000.0,Sweden,76.0,SUB,23.0,70,55,60,66,65,68,66,53,65,70,77,82,72,71,64,75,73,77,72,64,74,63,66,66,49,72,71,72,69,70.42857142857143,62.0,66.1,74.16666666666667
O. Petrák,Ondřej Petrák,3/11/1992,26,185.42,78.9,CDM,Czech Republic,71,74,2500000.0,14000.0,Right,1,3,3,Lean,4600000.0,Czech Republic,75.0,SUB,21.0,59,30,75,71,39,64,57,24,68,69,74,76,67,68,60,58,79,73,73,67,57,74,43,66,30,71,68,72,70,69.28571428571429,48.857142857142854,61.2,71.5
F. Jensen,Fredrik Jensen,9/9/1997,21,182.88,79.8,CAM,Finland,71,80,3700000.0,11000.0,Right,1,3,3,Normal,7400000.0,Finland,70.0,CF,22.0,68,68,56,70,70,75,61,40,63,74,72,75,72,63,68,75,68,75,75,66,64,41,67,68,48,72,49,57,56,59.142857142857146,64.28571428571429,65.0,71.66666666666667
G. Achilier,Gabriel Eduardo Achilier Zurita,3/24/1985,33,152.4,84.8,CB,Ecuador,71,71,950000.0,7000.0,Right,1,2,2,Normal,1600000.0,Monarcas Morelia,69.0,LCB,24.0,49,18,71,51,21,43,36,30,37,53,54,42,36,65,47,16,76,70,82,17,68,74,28,32,35,54,70,74,70,70.28571428571429,29.428571428571427,42.8,54.166666666666664
M. Suárez,Mathías Suárez,6/24/1996,22,182.88,79.8,"RB,LB,RWB",Uruguay,71,78,2800000.0,12000.0,Right,1,4,2,Lean,5900000.0,Uruguay,81.0,SUB,4.0,69,24,65,67,29,53,41,50,65,42,74,75,70,62,79,60,81,80,74,51,65,71,46,39,54,65,74,77,73,71.28571428571429,47.0,52.7,76.5
C. Stanković,Cican Stanković,11/4/1992,26,185.42,79.8,GK,Austria,71,75,2200000.0,15000.0,Right,1,4,1,Lean,3400000.0,FC Red Bull Salzburg,73.0,GK,1.0,16,8,19,24,11,14,12,19,21,23,40,47,65,64,55,22,73,30,64,14,25,22,10,37,20,23,20,14,15,26.142857142857142,14.857142857142858,26.7,51.666666666666664
S. Piette,Samuel Piette,11/12/1994,24,170.18,78.9,"CDM,CM",Canada,71,76,2700000.0,5000.0,Right,1,2,2,Stocky,4200000.0,Canada,70.0,CDM,6.0,48,43,58,70,32,60,61,55,64,65,67,65,69,66,87,68,74,91,73,49,81,68,41,59,49,66,70,70,65,70.42857142857143,48.57142857142857,60.7,75.5
J. McClean,James McClean,4/22/1989,29,154.94,69.9,"LW,LM,ST",Republic of Ireland,71,71,2300000.0,30000.0,Left,2,2,3,Lean,4400000.0,Republic of Ireland,74.0,SUB,11.0,74,66,67,68,59,74,68,66,65,72,76,77,75,70,73,70,68,78,69,62,88,51,70,69,65,65,62,56,59,64.28571428571429,65.57142857142857,69.5,74.5
E. Horvath,Ethan Horvath,6/9/1995,23,195.58,86.2,GK,United States,71,77,2400000.0,9000.0,Right,1,3,1,Normal,3800000.0,United States,74.0,SUB,18.0,11,17,13,31,14,16,16,17,30,22,48,49,54,72,32,21,64,30,64,19,27,10,11,50,11,31,14,9,8,23.285714285714285,15.142857142857142,31.5,46.166666666666664
R. Řezník,Radim Řezník,1/20/1989,30,182.88,79.8,"RB,LB",Czech Republic,71,71,1800000.0,1000.0,Right,1,3,3,Lean,3900000.0,Czech Republic,75.0,RCB,17.0,73,58,62,54,54,66,38,47,59,67,71,72,75,74,70,62,70,71,75,53,73,72,54,51,53,70,62,74,74,71.42857142857143,56.57142857142857,58.0,71.5
M. Henriksen,Markus Henriksen,7/25/1992,26,187.96,79.8,"CM,CDM,CAM",Norway,71,73,2800000.0,17000.0,Right,1,2,3,Normal,5600000.0,Norway,75.0,SUB,19.0,67,69,70,69,67,67,47,56,68,72,62,67,62,74,55,76,76,81,74,72,69,66,65,66,63,73,65,67,62,68.0,68.85714285714286,65.2,67.16666666666667
C. Ikonomidis,Christopher Ikonomidis,5/4/1995,23,154.94,73.0,LW,Australia,71,79,3500000.0,5000.0,Right,1,4,3,Lean,5100000.0,Perth Glory,67.0,RW,19.0,66,72,57,70,65,72,63,56,66,73,78,75,79,68,64,71,41,77,64,68,55,49,68,66,58,69,47,49,52,55.0,65.57142857142857,66.6,69.0
C. Christie,Cyrus Christie,9/30/1992,26,187.96,78.0,"RB,RWB",Republic of Ireland,71,74,2400000.0,28000.0,Right,1,2,3,Normal,4800000.0,Republic of Ireland,74.0,RCM,3.0,71,49,63,67,41,73,60,35,60,69,76,87,75,67,56,60,70,76,74,47,69,66,68,62,49,60,66,73,66,67.71428571428571,53.857142857142854,62.6,73.33333333333333
C. Săpunaru,Ionuț Cristian Săpunaru,4/5/1984,34,187.96,81.2,"CB,RB,CDM",Romania,71,71,725000.0,9000.0,Right,2,3,2,Normal,1500000.0,Romania,72.0,RCB,22.0,62,60,69,62,53,66,66,67,64,66,63,55,65,77,63,80,67,67,80,72,84,66,67,69,68,56,68,69,64,69.57142857142857,67.0,66.8,63.333333333333336
A. Sagal,Ángelo Nicolás Sagal Tapia,4/18/1993,25,154.94,77.1,"ST,LM",Chile,71,76,3200000.0,19000.0,Left,1,3,3,Normal,5600000.0,Pachuca,72.0,LM,7.0,66,76,66,66,55,65,56,37,59,66,76,77,72,63,64,73,63,84,76,62,54,61,71,59,69,68,36,58,59,58.857142857142854,67.42857142857143,59.6,72.66666666666667
K. Tsimikas,Konstantinos Tsimikas,5/12/1996,22,175.26,68.0,"LB,LWB",Greece,71,78,2800000.0,1000.0,Left,1,3,3,Lean,6400000.0,Greece,75.0,LB,23.0,70,50,52,68,40,71,72,66,65,68,89,86,77,66,74,68,75,77,65,62,70,65,70,64,55,67,71,68,67,67.57142857142857,56.714285714285715,67.4,79.66666666666667
R. Schüller,Rasmus Schüller,6/18/1991,27,152.4,67.1,"CDM,CM,LM",Finland,71,73,2300000.0,5000.0,Left,1,3,3,Lean,3700000.0,Finland,70.0,SUB,11.0,47,52,59,68,34,63,42,32,70,68,58,60,69,68,65,60,61,73,62,59,77,70,46,69,46,69,70,72,69,69.85714285714286,50.857142857142854,59.6,64.33333333333333
C. Fai,Ngoran Suiru Fai Collins,8/13/1992,26,167.64,72.1,"RB,LB",Cameroon,72,74,3100000.0,10000.0,Right,1,4,3,Stocky,4900000.0,Cameroon,75.0,LB,2.0,60,22,53,63,23,66,21,31,62,64,90,83,90,68,91,54,92,83,64,28,81,68,58,59,34,64,70,72,73,70.28571428571429,38.857142857142854,55.3,88.16666666666667
C. Mulgrew,Charlie Mulgrew,3/6/1986,33,190.5,83.0,CB,Scotland,72,72,1800000.0,27000.0,Left,1,3,2,Normal,3400000.0,Scotland,75.0,SUB,13.0,70,50,73,69,60,65,85,80,71,69,53,51,63,67,44,74,58,71,81,72,68,69,50,65,74,71,70,73,70,71.71428571428571,64.71428571428571,70.6,56.666666666666664
J. Russell,Johnny Russell,4/8/1990,28,152.4,76.2,"RW,LW,LM",Scotland,72,72,3100000.0,7000.0,Left,1,3,3,Normal,4700000.0,Scotland,75.0,SUB,20.0,69,67,67,69,53,75,68,58,67,73,76,79,74,69,76,77,82,82,72,64,78,46,72,69,65,65,39,38,30,52.57142857142857,66.42857142857143,68.6,78.16666666666667
S. Lletget,Sebastian  Lletget,9/3/1992,26,152.4,74.8,"CAM,CM,LM,RM",United States,72,74,3800000.0,6000.0,Right,1,5,4,Stocky,6000000.0,United States,74.0,SUB,15.0,69,64,55,75,57,76,61,51,66,74,72,76,77,68,84,67,52,70,75,57,59,60,67,67,58,72,62,63,59,64.28571428571429,60.714285714285715,67.4,71.83333333333333
J. Savarino,Jefferson Savarino,11/11/1996,22,170.18,66.2,"RW,CAM",Venezuela,72,82,5000000.0,5000.0,Right,1,4,4,Lean,8500000.0,Venezuela,73.0,SUB,10.0,59,66,43,68,60,78,65,53,58,74,85,84,90,69,81,78,55,79,57,65,59,30,66,69,60,70,36,42,30,46.285714285714285,62.57142857142857,66.2,79.0
F. Nita,Florin Constantin Niţă,7/3/1987,31,182.88,73.0,GK,Romania,72,72,2000000.0,1000.0,Right,1,2,1,Normal,4400000.0,Romania,72.0,SUB,16.0,14,8,13,23,5,18,10,13,22,11,25,31,28,64,64,21,61,36,79,5,20,8,4,39,11,62,14,13,14,30.0,9.571428571428571,25.3,40.833333333333336
A. Struna,Aljaž Struna,8/4/1990,28,190.5,86.2,"CB,RB",Slovenia,72,73,2900000.0,6000.0,Right,1,3,2,Normal,4600000.0,Slovenia,75.0,RCB,23.0,59,24,72,60,35,61,52,47,58,60,65,69,65,65,49,64,77,85,93,53,69,62,34,59,48,62,73,71,72,71.71428571428571,47.142857142857146,58.0,68.33333333333333
L. Reyes,Lorenzo Enrique Reyes Vicencio,6/13/1991,27,175.26,74.8,"CM,CDM",Chile,72,73,3500000.0,16000.0,Right,1,3,3,Normal,6200000.0,Club Atlas,70.0,CDM,21.0,52,58,53,73,42,68,64,47,71,71,70,67,80,71,76,64,77,88,69,65,79,75,59,69,50,65,70,76,70,72.0,55.857142857142854,65.5,76.33333333333333
R. Sallai,Roland Sallai,5/22/1997,21,182.88,77.1,LM,Hungary,72,80,4600000.0,13000.0,Right,1,3,3,Lean,9200000.0,Hungary,73.0,LW,20.0,68,70,49,71,67,76,49,45,62,75,76,74,68,67,61,64,63,58,58,63,59,39,70,73,56,63,32,37,38,46.57142857142857,62.714285714285715,65.9,66.66666666666667
C. Robinson,Callum Robinson,2/2/1995,24,152.4,74.8,"LM,ST",Republic of Ireland,72,78,4300000.0,10000.0,Right,1,3,3,Lean,9000000.0,Republic of Ireland,74.0,SUB,14.0,68,73,63,63,57,74,55,55,48,72,85,83,83,67,65,65,47,64,65,61,46,25,73,71,61,65,47,21,21,41.42857142857143,64.71428571428571,64.4,71.16666666666667
J. Risdon,Josh Risdon,7/27/1992,26,167.64,69.9,RB,Australia,72,75,3200000.0,7000.0,Right,1,3,3,Normal,4300000.0,Western Sydney Wanderers,65.0,RES,4.0,70,48,53,63,30,64,59,38,60,68,78,76,63,57,87,50,92,85,79,55,71,74,43,57,43,60,68,75,73,71.42857142857143,46.0,59.3,80.16666666666667
F. Moubandje,Jacques François Moubandje,6/21/1990,28,154.94,73.9,"LB,CB,LWB",Switzerland,72,72,2500000.0,19000.0,Left,1,3,3,Normal,4900000.0,Switzerland,77.0,SUB,3.0,65,42,66,71,52,70,61,48,67,69,68,69,65,72,68,63,90,79,77,40,73,72,68,57,56,71,64,76,75,72.57142857142857,55.285714285714285,63.7,73.16666666666667
C. Gruezo,Carlos Armando Gruezo Arboleda,4/19/1995,23,170.18,67.1,"CDM,CM",Ecuador,72,79,3700000.0,5000.0,Right,1,3,2,Normal,6400000.0,Ecuador,72.0,CDM,8.0,43,41,58,75,37,60,48,47,69,70,67,60,71,68,85,61,69,78,72,42,85,69,55,58,49,65,67,73,70,71.57142857142857,49.0,59.6,71.66666666666667
M. Langerak,Mitchell Langerak,8/22/1988,30,193.04,83.9,GK,Australia,72,72,2100000.0,5000.0,Right,2,3,1,Lean,2600000.0,Nagoya Grampus,67.0,GK,1.0,18,13,19,36,16,14,19,17,23,22,48,51,46,72,29,21,65,33,64,14,18,19,14,39,22,45,12,15,19,27.428571428571427,17.0,29.9,45.333333333333336
T. Kalas,Tomáš Kalas,5/15/1993,25,182.88,79.8,CB,Czech Republic,72,76,3400000.0,26000.0,Right,1,3,2,Stocky,6700000.0,Czech Republic,75.0,LCB,3.0,51,38,73,68,24,61,25,18,50,64,71,74,67,70,70,66,81,74,76,65,66,69,46,48,53,69,69,71,72,70.28571428571429,52.142857142857146,50.3,72.83333333333333
C. Fassnacht,Christian Fassnacht,11/11/1993,25,185.42,77.1,"RM,LM",Switzerland,72,75,3900000.0,14000.0,Right,1,3,3,Lean,6200000.0,BSC Young Boys,71.0,RM,16.0,66,70,69,67,56,69,44,36,64,74,79,84,72,71,65,68,80,73,69,63,44,22,74,68,64,63,32,21,15,38.0,66.28571428571429,62.7,75.5
A. Davies,Alphonso Davies,11/2/2000,18,154.94,72.1,"LM,RM",Canada,72,87,6000000.0,20000.0,Left,1,4,4,Lean,13700000.0,Canada,70.0,RM,20.0,62,64,51,64,55,76,64,44,51,73,92,93,84,65,76,71,72,76,69,63,68,52,65,65,60,71,55,61,51,61.0,61.285714285714285,62.9,82.16666666666667
J. Bednarek,Jan Bednarek,4/12/1996,22,187.96,77.1,CB,Poland,72,81,4200000.0,25000.0,Right,1,3,2,Lean,8700000.0,Poland,77.0,LCB,5.0,44,19,73,67,20,50,23,26,47,55,57,68,56,65,61,25,72,68,77,23,67,66,26,52,32,59,73,75,70,69.57142857142857,31.142857142857142,48.1,63.666666666666664
K. Nordfeldt,Kristoffer Nordfeldt,6/23/1989,29,190.5,84.8,GK,Sweden,72,74,2500000.0,16000.0,Right,2,2,1,Normal,5000000.0,Sweden,76.0,SUB,22.0,11,13,13,41,11,14,20,11,26,24,55,52,58,70,46,19,83,33,74,12,24,23,15,34,13,28,7,13,15,26.285714285714285,13.714285714285714,28.5,54.5
P. Arriola,Paul Joseph Arriola Hendricks,2/5/1995,24,167.64,64.9,"RM,RB",United States,72,77,4200000.0,6000.0,Right,1,3,3,Normal,6500000.0,United States,74.0,SUB,14.0,64,66,46,66,61,74,70,47,63,70,84,83,81,65,79,71,74,84,53,64,74,51,68,70,66,65,60,66,57,60.857142857142854,63.142857142857146,65.9,80.83333333333333
C. Pantilimon,Costel Pantilimon,2/1/1987,32,203.2,96.2,GK,Romania,72,72,1900000.0,25000.0,Right,1,2,1,Lean,3600000.0,Romania,72.0,SUB,1.0,19,11,16,38,13,15,15,12,36,22,48,42,33,67,22,14,34,31,78,15,40,27,12,38,21,65,16,19,17,37.42857142857143,14.571428571428571,30.0,35.0
D. Kombarov,Dmitriy Kombarov,1/22/1987,32,182.88,72.1,"LB,LWB",Russia,72,72,2000000.0,1000.0,Left,2,2,4,Normal,4300000.0,Russia,77.0,SUB,23.0,68,68,68,71,53,74,73,78,74,78,75,80,76,72,72,69,73,85,59,76,77,75,72,77,85,75,62,67,61,68.0,70.14285714285714,74.2,76.83333333333333
M. Milligan,Mark  Milligan,8/4/1985,33,152.4,78.0,"CDM,CB",Australia,72,72,1800000.0,6000.0,Right,1,3,2,Normal,3100000.0,Australia,73.0,RCM,5.0,61,48,68,70,62,62,61,62,73,66,68,65,64,69,70,73,77,82,79,67,80,68,53,73,80,78,61,73,72,73.0,64.42857142857143,67.0,71.0
O. Nyland,Ørjan  Håskjold Nyland,9/10/1990,28,193.04,89.8,GK,Norway,72,74,2500000.0,11000.0,Right,1,4,1,Normal,5000000.0,Norway,75.0,SUB,12.0,12,11,13,35,14,21,13,14,46,23,47,48,45,67,53,23,71,33,71,13,26,21,13,28,25,41,17,11,12,28.428571428571427,16.0,28.7,49.5
C. Borja,Cristian Alexis Borja González,2/18/1993,26,154.94,72.1,LB,Colombia,72,75,3200000.0,8000.0,Left,1,2,3,Lean,6700000.0,Sporting CP,78.0,LB,26.0,72,48,58,68,31,69,46,42,65,71,90,85,78,66,65,45,71,82,65,60,65,68,58,62,46,55,66,68,68,65.0,49.42857142857143,62.3,78.5
A. Chipciu,Alexandru Mihăiță Chipciu,5/18/1989,29,152.4,73.0,"RM,RB,LM",Romania,72,72,3000000.0,1000.0,Right,1,4,3,Normal,6700000.0,Romania,72.0,RM,7.0,73,68,58,68,63,72,66,65,66,72,79,77,71,68,71,70,73,64,66,72,68,58,67,70,67,68,42,56,55,59.0,66.42857142857143,69.0,72.5
J. Omlin,Jonas Omlin,1/10/1994,25,187.96,79.8,GK,Switzerland,72,78,3100000.0,11000.0,Right,1,3,1,Lean,5300000.0,FC Basel 1893,73.0,GK,1.0,24,17,24,45,15,27,21,16,35,31,49,51,32,68,51,26,70,35,72,18,19,25,17,36,27,57,20,21,24,34.0,20.571428571428573,33.9,48.0
T. Lawrence,Tom Lawrence,1/13/1994,25,154.94,74.8,LW,Wales,72,75,3900000.0,29000.0,Right,1,4,4,Lean,7800000.0,Wales,75.0,LM,17.0,72,69,56,70,56,76,62,75,64,73,76,72,77,67,69,74,60,73,58,77,66,22,71,72,65,70,48,35,33,47.42857142857143,66.85714285714286,70.3,71.16666666666667
V. Belec,Vid Belec,6/6/1990,28,193.04,93.0,GK,Slovenia,72,74,2600000.0,18000.0,Right,1,3,1,Normal,4600000.0,Slovenia,75.0,GK,12.0,11,10,13,24,10,13,11,13,28,21,53,43,55,67,31,23,75,20,59,16,25,21,11,23,23,70,19,10,11,30.714285714285715,15.142857142857142,23.4,46.166666666666664
B. Johnsen,Björn Maars Johnsen,11/6/1991,27,195.58,81.2,ST,Norway,72,73,3700000.0,12000.0,Right,1,2,2,Lean,5900000.0,Norway,75.0,LS,9.0,44,73,78,59,64,67,49,41,53,67,74,77,74,65,58,69,77,78,78,73,68,21,74,52,68,68,39,37,30,48.714285714285715,71.28571428571429,54.9,73.0
T. Adams,Tyler Adams,2/14/1999,20,175.26,68.0,"CDM,RWB",United States,72,84,4800000.0,12000.0,Right,1,3,3,Normal,9100000.0,United States,74.0,RCM,13.0,51,46,64,70,33,69,52,42,65,70,79,79,81,72,86,49,83,86,68,44,76,75,65,66,51,74,67,73,69,71.71428571428571,50.285714285714285,62.3,82.33333333333333
S. Rosted,Sigurd Rosted,7/22/1994,24,187.96,78.9,CB,Norway,72,77,3500000.0,12000.0,Right,1,3,2,Lean,5600000.0,Norway,75.0,SUB,5.0,30,61,71,64,48,48,39,49,62,59,57,62,55,67,52,58,65,67,79,38,75,70,57,51,36,65,71,72,70,71.71428571428571,52.714285714285715,52.0,59.666666666666664
M. Bakakis,Michalis Bakakis,3/18/1991,27,175.26,64.9,"RB,LB,CB",Greece,72,73,2900000.0,1000.0,Right,1,4,3,Normal,6500000.0,Greece,75.0,SUB,2.0,73,50,60,68,57,71,61,59,70,69,82,83,80,64,64,65,64,77,59,55,70,62,66,54,57,67,68,75,74,67.85714285714286,58.57142857142857,64.3,75.0
H. Aleesami,Haitam Aleesami,7/31/1991,27,182.88,81.2,"LB,LM",Norway,72,72,2600000.0,3000.0,Left,1,3,3,Lean,4200000.0,Norway,75.0,SUB,23.0,71,55,64,69,40,72,62,61,67,71,81,84,76,71,61,61,57,89,76,60,70,65,60,68,52,70,62,70,67,68.57142857142857,56.0,68.0,74.66666666666667
D. Siovas,Dimitrios Siovas,9/16/1988,30,193.04,83.0,CB,Greece,72,72,2400000.0,19000.0,Left,2,3,2,Normal,5100000.0,Greece,75.0,SUB,5.0,33,38,68,70,55,62,56,28,70,69,40,37,41,66,48,66,77,81,87,37,80,79,40,49,40,68,42,79,76,73.0,49.142857142857146,55.2,54.0
J. Zmrhal,Jaromír Zmrhal,8/2/1993,25,187.96,78.9,"LM,RM",Czech Republic,72,75,3900000.0,1000.0,Left,1,2,3,Lean,9000000.0,Czech Republic,75.0,LM,8.0,73,69,59,70,62,69,65,55,66,73,80,84,68,63,58,80,51,76,66,72,57,56,68,68,52,59,50,53,48,55.57142857142857,66.0,67.0,69.5
N. Karelis,Nikos Karelis,2/24/1992,27,172.72,69.9,ST,Greece,72,73,3700000.0,1000.0,Left,1,2,3,Stocky,8100000.0,Greece,75.0,SUB,7.0,65,72,61,66,69,70,61,63,53,70,75,74,73,71,87,74,74,60,74,69,68,27,76,62,67,70,37,31,36,49.0,69.71428571428571,64.3,73.83333333333333
L. Koutris,Leonardo Koutris,7/23/1995,23,170.18,72.1,"LB,LM",Greece,72,78,3600000.0,1000.0,Left,1,2,3,Normal,8200000.0,Greece,75.0,SUB,22.0,77,57,56,60,45,68,73,56,61,70,86,83,79,70,80,67,66,80,64,63,66,71,66,58,55,69,68,65,69,67.42857142857143,58.42857142857143,65.1,79.0
G. Zardes,Gyasi Zardes,9/2/1991,27,185.42,83.9,ST,United States,73,74,4800000.0,8000.0,Right,1,4,3,Normal,7500000.0,United States,74.0,SUB,9.0,59,73,66,64,66,70,60,30,40,66,83,88,76,69,52,76,78,88,79,62,65,34,73,67,66,64,38,50,30,51.42857142857143,68.85714285714286,59.2,77.5
Y. Yotún,Víctor Yoshimar Yotún Flores,4/7/1990,28,172.72,68.0,"CM,LM,LB",Peru,73,73,4000000.0,21000.0,Left,1,1,3,Stocky,6700000.0,Cruz Azul,72.0,LDM,6.0,74,50,53,75,61,72,69,69,75,73,68,63,83,70,77,75,77,85,59,64,79,62,66,77,51,74,69,63,66,67.42857142857143,60.0,73.1,75.5
A. Gunnarsson,Aron Einar Gunnarsson,4/22/1989,29,152.4,86.2,"CDM,CM",Iceland,73,73,3100000.0,34000.0,Right,1,3,3,Normal,6200000.0,Iceland,72.0,RCM,17.0,64,57,68,72,61,66,56,59,71,72,56,57,73,71,72,70,73,72,72,66,81,77,62,64,52,67,63,73,71,72.0,62.285714285714285,65.9,67.16666666666667
S. Ingason,Sverrir Ingi Ingason,8/5/1993,25,187.96,83.0,"CB,RB",Iceland,73,78,4500000.0,1000.0,Right,1,3,2,Normal,9900000.0,Iceland,72.0,SUB,5.0,45,43,66,56,30,47,48,46,57,60,63,59,58,73,58,61,80,68,77,60,73,74,54,49,50,70,76,75,76,74.42857142857143,52.0,53.0,64.33333333333333
J. Uronen,Jere Uronen,7/13/1994,24,152.4,73.9,LB,Finland,73,78,4500000.0,11000.0,Left,1,4,3,Normal,7000000.0,Finland,70.0,LB,18.0,73,47,56,70,54,68,73,67,67,66,72,74,72,65,73,77,71,86,69,65,71,71,52,62,48,68,72,75,71,71.0,57.0,67.3,74.66666666666667
P. Aquino,Pedro Aquino,4/13/1995,23,175.26,69.9,"CDM,CM",Peru,73,78,4500000.0,18000.0,Right,1,3,2,Lean,8000000.0,Club León,71.0,SUB,18.0,53,62,58,75,22,60,49,58,74,74,78,78,78,68,76,65,57,81,68,52,79,72,59,66,64,63,74,68,67,70.14285714285714,54.57142857142857,64.3,74.66666666666667
A. Peñaranda,Adalberto Peñaranda,5/31/1997,21,185.42,83.0,"ST,CF",Venezuela,73,81,6000000.0,32000.0,Right,1,3,3,Lean,12600000.0,Venezuela,73.0,SUB,9.0,64,71,64,69,75,79,65,63,56,78,78,78,77,70,63,70,60,46,64,69,62,36,72,75,77,65,26,37,31,45.857142857142854,71.14285714285714,69.4,67.0
V. Torosidis,Vassilis Torosidis,6/10/1985,33,182.88,82.1,"RB,LB,CDM",Greece,73,73,1500000.0,1000.0,Right,2,3,3,Normal,3200000.0,Greece,75.0,RB,15.0,77,40,68,70,35,68,68,40,64,70,63,67,65,72,66,77,66,61,75,71,74,76,56,50,50,76,80,76,76,76.14285714285714,56.714285714285715,62.9,64.66666666666667
J. Herrera,Jhonny Cristián Herrera Muñoz,5/9/1981,37,182.88,87.1,GK,Chile,73,73,270000.0,5000.0,Right,1,3,1,Stocky,378000.0,Universidad de Chile,70.0,GK,25.0,15,12,14,22,18,18,12,24,30,16,57,53,32,74,56,24,72,28,59,12,44,15,14,58,60,65,17,13,14,32.42857142857143,22.0,32.7,49.666666666666664
R. Krhin,Rene Krhin,5/21/1990,28,187.96,81.2,"CDM,CM",Slovenia,73,73,3200000.0,19000.0,Right,1,3,2,Lean,6200000.0,Slovenia,75.0,RDM,6.0,59,49,60,74,47,59,60,49,68,70,46,40,45,70,45,63,52,64,75,55,72,74,53,64,58,73,72,78,65,72.71428571428571,55.0,63.7,48.666666666666664
W. Trapp,Wil Trapp,1/15/1993,26,172.72,68.0,CDM,United States,73,77,4300000.0,6000.0,Right,1,2,3,Normal,6800000.0,United States,74.0,SUB,20.0,51,43,54,78,53,67,64,65,78,74,58,63,67,76,71,72,61,78,59,59,69,66,55,69,53,75,66,69,67,67.28571428571429,55.57142857142857,69.1,66.33333333333333
I. Arboleda,Iván Mauricio Arboleda,4/21/1996,22,185.42,76.2,GK,Colombia,73,80,4100000.0,8000.0,Right,1,2,1,Lean,7000000.0,Club Atlético Banfield,69.0,GK,1.0,20,16,21,27,20,21,22,17,23,21,58,58,57,69,57,23,68,43,52,14,22,22,12,20,23,49,23,13,15,28.0,18.428571428571427,26.0,56.833333333333336
M. Klich,Mateusz Klich,6/13/1990,28,182.88,82.1,CM,Poland,73,73,4000000.0,35000.0,Right,1,3,3,Normal,7500000.0,Poland,77.0,RM,8.0,67,69,48,75,59,70,69,66,75,75,60,59,67,68,72,70,64,79,69,72,60,62,74,72,76,73,52,63,45,60.57142857142857,66.85714285714286,70.9,66.83333333333333
R. Neustädter,Roman Neustädter,2/18/1988,31,187.96,81.2,"CB,CDM",Russia,73,73,3000000.0,41000.0,Right,2,4,2,Lean,5600000.0,Russia,77.0,SUB,18.0,50,39,73,73,47,62,53,50,69,72,48,41,56,72,51,70,65,78,74,63,66,72,53,69,58,66,70,79,76,71.85714285714286,57.57142857142857,63.9,56.5
N. Skubic,Nejc Skubic,6/13/1989,29,152.4,74.8,RB,Slovenia,73,73,3000000.0,14000.0,Right,1,3,3,Normal,6000000.0,Slovenia,75.0,RB,2.0,75,44,64,69,60,72,31,34,64,72,73,70,71,68,67,63,71,79,70,46,74,74,69,56,77,66,72,73,69,71.14285714285714,60.42857142857143,59.7,71.83333333333333
S. Williams,Shaun Williams,10/19/1986,32,185.42,79.8,"CDM,CM",Republic of Ireland,73,73,2700000.0,12000.0,Left,1,3,3,Normal,5100000.0,Republic of Ireland,74.0,SUB,7.0,78,58,64,71,56,65,72,68,70,69,63,59,60,73,65,68,74,83,78,64,74,68,60,73,67,70,70,73,68,71.57142857142857,62.42857142857143,71.2,67.33333333333333
H. Kaldırım,Hasan Ali Kaldırım,12/9/1989,29,182.88,74.8,LB,Turkey,73,73,3200000.0,43000.0,Left,1,2,3,Normal,6000000.0,Turkey,76.0,LB,3.0,74,42,58,70,42,70,75,32,70,70,72,73,68,72,72,77,68,80,66,70,75,74,62,58,40,69,65,72,72,70.42857142857143,55.857142857142854,64.9,72.16666666666667
A. Behich,Aziz Eraltay Behich,12/16/1990,28,170.18,63.0,LB,Australia,73,73,3300000.0,12000.0,Left,1,4,3,Normal,4600000.0,Australia,73.0,LB,16.0,74,65,54,74,57,74,72,55,71,72,82,81,83,66,86,72,73,80,54,62,79,66,63,50,47,65,70,71,72,68.14285714285714,60.0,65.8,80.83333333333333
A. Zambo Anguissa,André Franck Zambo Anguissa,11/16/1995,23,182.88,78.0,"CDM,CM",Cameroon,73,81,5000000.0,32000.0,Right,1,2,3,Lean,10500000.0,Cameroon,75.0,RCM,6.0,58,42,73,73,50,72,59,46,65,68,71,69,59,70,71,73,75,81,82,54,80,74,63,72,62,75,61,75,66,73.28571428571429,59.57142857142857,65.5,71.0
J. Hušbauer,Josef Hušbauer,3/16/1990,28,182.88,76.2,"CM,CDM,CAM",Czech Republic,73,73,4000000.0,1000.0,Right,1,3,3,Normal,8700000.0,Czech Republic,75.0,LDM,5.0,76,61,49,74,70,73,72,73,77,72,63,61,67,70,67,79,59,77,59,82,61,65,62,76,67,68,55,60,65,61.857142857142854,67.14285714285714,73.9,65.66666666666667
A. Miranchuk,Anton Miranchuk,10/17/1995,23,182.88,72.1,"CAM,RM",Russia,73,81,6000000.0,1000.0,Right,1,4,3,Lean,13800000.0,Russia,77.0,SUB,16.0,66,73,44,74,46,71,62,67,64,73,68,76,72,74,70,72,49,72,68,68,39,22,70,74,71,72,25,30,31,41.0,63.42857142857143,69.9,67.83333333333333
A. Traoré,Adama Traoré,2/3/1990,29,170.18,73.0,LB,Ivory Coast,73,73,3200000.0,19000.0,Left,1,2,3,Normal,6300000.0,Côte d'Ivoire,75.0,LB,5.0,73,30,57,65,50,69,65,34,67,64,85,88,82,71,82,60,83,85,70,49,69,73,65,61,53,73,61,71,69,69.42857142857143,52.0,63.0,84.16666666666667
B. Guzan,Bradley Guzan,9/9/1984,34,193.04,94.8,GK,United States,73,73,2000000.0,5000.0,Left,2,2,1,Normal,3000000.0,United States,74.0,SUB,1.0,16,14,12,26,15,14,15,11,34,28,38,37,37,68,47,24,67,30,63,15,35,19,12,51,35,53,12,15,14,30.142857142857142,18.142857142857142,31.4,42.666666666666664
H. Martín,Henry Josué Martín Mex,11/18/1992,26,152.4,73.0,"ST,RW",Mexico,73,74,4800000.0,46000.0,Right,1,3,3,Normal,8600000.0,Club América,74.0,LS,21.0,64,73,73,67,66,72,64,51,62,71,78,77,90,71,77,72,80,78,70,64,51,42,72,66,63,70,45,21,22,45.857142857142854,69.0,65.4,80.0
A. Donis,Anastasios Donis,8/29/1996,22,152.4,76.2,"ST,RM,LW",Greece,73,83,6500000.0,21000.0,Right,1,4,3,Normal,12400000.0,Greece,75.0,SUB,17.0,45,74,61,68,63,79,47,41,50,78,89,85,78,73,77,70,69,72,63,66,61,20,70,50,69,61,22,18,24,38.42857142857143,67.57142857142857,58.1,78.33333333333333
H. Magnússon,Hörður Björgvin Magnússon,2/11/1993,26,190.5,81.2,"CB,LB",Iceland,73,78,4500000.0,1000.0,Left,1,2,2,Normal,10200000.0,Iceland,72.0,LB,18.0,54,45,76,75,33,50,62,60,76,57,57,74,52,71,55,62,70,70,76,51,70,68,24,41,39,66,72,74,71,71.0,47.142857142857146,58.7,63.0
J. Egan,John Egan,10/20/1992,26,187.96,74.8,CB,Republic of Ireland,73,77,4300000.0,11000.0,Right,1,3,2,Normal,8600000.0,Republic of Ireland,74.0,SUB,5.0,32,43,72,64,50,55,36,29,69,62,65,65,60,68,70,62,77,75,81,52,71,72,38,38,42,55,73,70,73,70.71428571428571,51.285714285714285,49.1,68.66666666666667
T. Hořava,Tomáš Hořava,5/29/1988,30,182.88,69.9,"CM,CDM,CAM",Czech Republic,73,73,3700000.0,1000.0,Right,1,3,3,Lean,8100000.0,Czech Republic,75.0,CAM,12.0,64,61,57,76,66,73,68,59,74,77,67,62,69,69,69,74,66,72,58,71,55,65,63,75,65,78,40,65,56,59.57142857142857,65.28571428571429,71.0,67.5
W. Faríñez,Wuilker Faríñez,2/15/1998,21,154.94,81.2,GK,Venezuela,73,83,5000000.0,2000.0,Right,1,3,1,Normal,8000000.0,Millonarios FC,69.0,GK,1.0,18,20,17,24,15,14,22,18,24,24,46,51,69,63,65,25,78,39,51,18,23,17,15,66,23,40,23,13,21,26.857142857142858,19.0,33.9,58.0
D. Ward,Danny Ward,6/22/1993,25,190.5,88.0,GK,Wales,73,76,3500000.0,32000.0,Right,1,3,1,Normal,7000000.0,Wales,75.0,SUB,12.0,13,11,13,30,13,19,15,14,42,23,46,44,38,70,53,25,64,22,60,16,25,20,7,38,20,56,8,20,18,29.571428571428573,15.0,30.2,44.5
G. Saville,George Saville,6/1/1993,25,175.26,73.0,"CM,LM",Northern Ireland,73,76,4900000.0,40000.0,Left,1,3,3,Lean,9800000.0,Northern Ireland,71.0,LCM,6.0,64,69,70,72,52,71,64,69,70,70,65,63,72,73,73,66,86,91,66,69,81,69,69,72,54,64,67,70,69,69.42857142857143,64.14285714285714,69.7,75.0
A. Bakasetas,Anastasios Bakasetas,6/28/1993,25,154.94,78.0,"CAM,RM,ST",Greece,73,77,5000000.0,1000.0,Left,1,4,3,Normal,11400000.0,Greece,75.0,SUB,14.0,70,70,68,76,68,68,70,74,72,72,65,72,68,65,65,79,68,70,73,78,61,44,72,75,63,65,45,33,41,51.714285714285715,71.14285714285714,71.7,68.0
C. Doukouré,Cheick Doukouré,9/11/1992,26,154.94,82.1,"CDM,CM",Ivory Coast,73,78,4500000.0,16000.0,Right,1,3,3,Normal,9700000.0,Côte d'Ivoire,75.0,RDM,4.0,59,58,69,72,52,65,57,59,65,71,76,74,72,66,75,72,78,82,80,65,77,75,64,63,58,65,72,74,73,73.71428571428571,62.57142857142857,64.0,76.16666666666667
S. Larsson,Sebastian Larsson,6/6/1985,33,152.4,69.9,"CM,CDM",Sweden,73,73,2300000.0,9000.0,Right,2,3,3,Lean,2900000.0,Sweden,76.0,RCM,7.0,80,64,66,76,74,65,84,80,77,73,56,55,65,76,73,77,70,68,62,72,80,67,66,71,70,74,70,62,61,68.0,69.85714285714286,75.3,64.5
T. Elyounoussi,Tarik Elyounoussi,2/23/1988,31,172.72,66.2,"ST,CF,CAM",Norway,73,73,3900000.0,10000.0,Right,1,4,4,Lean,4800000.0,Norway,75.0,LM,10.0,68,70,62,68,76,76,68,65,48,74,82,82,90,74,91,72,77,75,64,69,56,38,73,74,65,72,56,33,28,49.57142857142857,69.57142857142857,68.9,82.83333333333333
K. Long,Kevin Long,8/18/1990,28,190.5,82.1,CB,Republic of Ireland,73,74,3800000.0,36000.0,Right,1,2,2,Normal,7500000.0,Republic of Ireland,74.0,LCB,21.0,38,29,76,60,26,53,38,32,55,58,58,59,57,66,56,56,79,66,77,27,75,71,48,50,32,66,72,73,72,72.28571428571429,42.0,50.0,62.5
O. Opazo,Óscar Mauricio Opazo Lara,10/18/1990,28,170.18,72.1,"RM,RB,LM,LB",Chile,73,73,4200000.0,8000.0,Right,1,5,3,Normal,5900000.0,Colo-Colo,71.0,RB,16.0,73,70,57,72,53,72,64,62,70,71,82,84,86,70,81,68,59,81,70,67,73,64,72,57,51,71,68,67,77,70.0,62.57142857142857,66.8,78.83333333333333
C. Njie,Clinton Mua N'Jie,8/15/1993,25,175.26,68.0,"ST,LW",Cameroon,73,76,5000000.0,31000.0,Right,1,2,3,Lean,9900000.0,Cameroon,75.0,SUB,21.0,67,72,64,67,69,72,66,46,58,65,91,94,90,75,82,74,68,76,61,61,62,32,72,60,56,71,24,30,27,43.857142857142854,66.85714285714286,63.6,83.5
L. Rodríguez,Luis Alfonso Rodríguez Alanís,1/21/1991,28,175.26,73.0,"RB,RWB",Mexico,73,73,3300000.0,36000.0,Right,1,2,3,Normal,5300000.0,Tigres U.A.N.L.,75.0,RB,28.0,72,56,60,72,57,74,64,60,67,74,86,83,78,68,75,72,67,81,71,67,67,69,70,72,40,68,69,71,68,69.0,60.285714285714285,69.5,78.33333333333333
F. Kudryashov,Fedor Kudryashov,4/5/1987,31,154.94,81.2,"CB,LWB",Russia,73,73,2700000.0,18000.0,Left,1,2,2,Normal,5100000.0,Russia,77.0,LCB,13.0,71,41,63,68,51,61,47,41,60,69,71,73,74,74,64,43,70,72,73,56,71,74,45,58,46,69,72,74,75,72.57142857142857,49.285714285714285,60.7,70.66666666666667
M. Luongo,Massimo  Luongo,9/25/1992,26,175.26,76.2,"CDM,CM",Australia,73,76,4200000.0,8000.0,Right,1,3,3,Normal,8300000.0,Australia,73.0,SUB,8.0,51,63,59,71,46,71,49,46,66,72,73,74,79,72,76,69,84,92,70,63,79,72,65,69,52,63,64,75,72,70.71428571428571,59.57142857142857,63.6,79.66666666666667
E. Stevens,Enda Stevens,7/9/1990,28,182.88,78.0,"LWB,LB",Republic of Ireland,73,73,3300000.0,11000.0,Left,1,2,3,Normal,6300000.0,Republic of Ireland,74.0,SUB,19.0,73,36,54,67,24,66,66,53,51,69,71,71,67,73,66,57,64,82,66,34,64,72,57,57,52,65,74,75,67,69.0,44.857142857142854,63.2,70.16666666666667
G. Silva,Gastón Silva,3/5/1994,25,185.42,73.9,"LB,CB",Uruguay,73,78,4500000.0,13000.0,Left,1,2,3,Lean,6600000.0,Independiente,75.0,LB,20.0,76,37,71,68,33,66,70,74,66,71,69,66,68,66,58,67,62,72,76,48,64,73,51,54,57,71,69,77,74,72.0,52.0,66.5,65.83333333333333
M. Miazga,Matt Miazga,7/19/1995,23,193.04,83.9,CB,United States,73,78,4500000.0,22000.0,Right,1,3,2,Lean,9000000.0,United States,74.0,RCB,3.0,25,16,74,67,28,53,27,21,54,66,62,58,57,68,41,35,79,68,82,32,81,70,27,32,31,69,66,73,74,73.57142857142857,34.714285714285715,44.5,60.833333333333336
K. Grosicki,Kamil Grosicki,6/8/1988,30,154.94,78.0,LM,Poland,73,73,3800000.0,23000.0,Right,2,3,3,Lean,7200000.0,Poland,77.0,LM,11.0,70,68,69,68,72,70,69,71,71,74,86,77,80,70,70,74,52,61,66,75,43,48,72,73,68,68,36,29,20,44.285714285714285,71.14285714285714,70.9,71.0
K. Ajer,Kristoffer Vassbakk Ajer,4/17/1998,20,195.58,93.9,CB,Norway,73,82,5500000.0,26000.0,Right,1,3,3,Normal,11000000.0,Norway,75.0,SUB,3.0,55,48,73,66,41,69,58,52,64,71,62,71,48,53,58,64,52,82,88,53,75,68,52,58,49,73,70,74,72,74.28571428571429,54.285714285714285,60.4,62.166666666666664
S. Long,Shane  Long,1/22/1987,32,152.4,69.9,ST,Republic of Ireland,73,73,3600000.0,39000.0,Right,2,2,3,Normal,6800000.0,Republic of Ireland,74.0,RS,9.0,70,70,74,62,68,70,54,37,49,69,79,84,68,74,72,76,94,67,68,65,80,42,75,63,72,68,31,27,24,48.57142857142857,71.42857142857143,61.1,77.33333333333333
J. Gallardo,Jesús Gallardo,8/15/1994,24,175.26,68.0,"LM,LW,LB",Mexico,74,80,7500000.0,32000.0,Left,1,1,3,Normal,13500000.0,Monterrey,75.0,SUB,17.0,71,70,60,72,49,75,70,40,65,73,79,77,75,67,71,72,69,83,73,58,50,55,72,70,65,66,70,69,69,64.57142857142857,63.714285714285715,67.3,75.66666666666667
P. Žulj,Peter Žulj,6/9/1993,25,185.42,79.8,"CM,CDM,CAM",Austria,74,78,7000000.0,17000.0,Left,1,3,4,Normal,11000000.0,Austria,77.0,LDM,16.0,69,65,58,75,58,74,72,72,73,76,64,66,62,70,54,76,51,68,76,72,45,67,78,77,67,76,64,67,63,65.42857142857143,67.71428571428571,73.5,60.833333333333336
M. Çelik,Mehmet Zeki Çelik,2/17/1997,22,154.94,78.0,RB,Turkey,74,84,8000000.0,17000.0,Right,1,3,3,Lean,16800000.0,Turkey,76.0,RB,13.0,73,37,64,74,39,67,65,37,67,70,80,82,67,69,67,46,64,80,72,32,68,71,70,69,46,69,71,72,69,70.28571428571429,47.714285714285715,66.0,73.33333333333333
D. Vukovic,Danny Vukovic,3/27/1985,33,187.96,98.9,GK,Australia,74,74,2800000.0,11000.0,Right,1,3,1,Stocky,4300000.0,Australia,73.0,SUB,18.0,11,11,16,25,11,11,15,13,12,18,53,47,41,72,58,18,69,34,76,13,41,17,6,38,37,34,23,15,11,31.0,16.0,25.3,50.333333333333336
A. Bjelland,Andreas Bjelland,7/11/1988,30,187.96,84.8,CB,Denmark,74,74,4400000.0,18000.0,Left,1,3,2,Normal,5700000.0,Denmark,78.0,SUB,2.0,50,36,72,70,49,55,63,42,73,67,42,45,52,69,46,57,79,69,84,51,68,71,60,60,45,79,76,74,70,74.57142857142857,52.857142857142854,60.9,55.5
M. Jensen,Mike Lindemann Jensen,2/19/1988,31,152.4,74.8,CM,Denmark,74,74,5000000.0,8000.0,Right,1,4,3,Normal,6500000.0,Denmark,78.0,SUB,7.0,70,65,56,76,62,75,67,69,69,78,75,73,72,72,80,78,61,90,74,70,83,63,68,72,67,82,65,64,63,70.57142857142857,66.57142857142857,72.0,75.16666666666667
C. Bassogog,Christian Bassogog,10/18/1995,23,175.26,74.8,"ST,RM,LM",Cameroon,74,81,8000000.0,13000.0,Left,1,2,4,Normal,18800000.0,Henan Jianye FC,64.0,RS,10.0,47,74,62,64,65,79,76,73,61,72,87,90,82,73,84,75,73,76,64,60,54,25,74,56,65,63,35,24,21,40.857142857142854,67.85714285714286,65.7,82.0
H. Lindner,Heinz Lindner,7/17/1990,28,187.96,79.8,GK,Austria,74,77,4700000.0,11000.0,Right,1,3,1,Lean,7200000.0,Grasshopper Club Zürich,68.0,GK,1.0,11,12,13,24,13,11,17,17,15,20,41,43,45,70,41,21,63,32,52,16,30,12,12,54,19,63,12,9,19,28.142857142857142,15.142857142857142,29.3,44.166666666666664
C. Larin,Cyle Larin,4/17/1995,23,187.96,89.8,ST,Canada,74,80,8000000.0,37000.0,Right,1,4,3,Normal,16800000.0,Canada,70.0,ST,9.0,35,77,76,62,60,67,43,22,21,69,70,73,61,70,44,82,63,69,84,68,63,22,73,52,63,63,21,18,20,41.57142857142857,71.28571428571429,49.3,63.333333333333336
T. Kędziora,Tomasz Kędziora,6/11/1994,24,182.88,73.0,RB,Poland,74,79,6500000.0,1000.0,Right,1,3,2,Lean,14100000.0,Poland,77.0,RB,4.0,78,37,71,68,39,62,58,37,64,65,74,79,71,69,67,56,73,75,71,51,72,65,66,61,38,59,75,76,75,70.42857142857143,51.142857142857146,62.3,73.16666666666667
O. Hiljemark,Oscar Hiljemark,6/28/1992,26,182.88,73.0,"CM,CDM",Sweden,74,76,6500000.0,15000.0,Right,1,3,3,Normal,12200000.0,Sweden,76.0,SUB,15.0,68,48,59,77,50,72,70,73,77,75,69,69,66,71,64,83,72,89,69,67,69,70,65,69,64,73,51,71,60,66.14285714285714,62.285714285714285,72.1,71.5
A. Mitriţă,Alexandru Ionuţ Mitriţă,2/8/1995,24,170.18,64.9,"LW,LM",Romania,74,80,7500000.0,8000.0,Right,1,5,3,Lean,12800000.0,Romania,72.0,SUB,20.0,63,69,31,70,63,76,68,69,58,76,89,85,89,77,89,73,34,69,50,64,49,22,73,68,46,66,32,21,27,38.142857142857146,59.857142857142854,69.3,75.83333333333333
J. Kodjia,Jonathan Kodjia,10/22/1989,29,187.96,77.1,"ST,LW",Ivory Coast,74,74,6000000.0,21000.0,Right,1,3,3,Lean,11400000.0,Côte d'Ivoire,75.0,SUB,9.0,49,73,72,67,64,77,56,56,43,69,79,84,78,66,68,74,71,76,77,63,64,26,75,58,71,71,17,26,19,42.857142857142854,70.28571428571429,59.9,76.0
A. Long,Aaron Long,10/12/1992,26,185.42,86.2,CB,United States,74,79,6500000.0,7000.0,Right,1,3,2,Normal,10200000.0,United States,74.0,SUB,21.0,38,32,76,71,36,59,36,34,66,66,74,80,70,68,61,48,85,79,83,31,76,70,49,53,39,68,72,72,70,73.0,44.42857142857143,54.4,74.83333333333333
S. Prödl,Sebastian Prödl,6/21/1987,31,195.58,97.1,CB,Austria,74,74,3800000.0,39000.0,Right,2,2,2,Normal,7200000.0,Austria,77.0,RCB,15.0,44,34,81,60,22,30,32,38,49,54,32,31,29,66,28,47,34,51,88,32,84,73,37,46,35,68,72,76,73,76.28571428571429,41.142857142857146,46.5,34.166666666666664
V. Barkas,Vasilios Barkas,5/30/1994,24,195.58,91.2,GK,Greece,74,77,5000000.0,1000.0,Left,1,2,1,Normal,11400000.0,Greece,75.0,SUB,13.0,14,10,14,31,8,12,14,15,29,20,35,34,31,73,29,21,53,39,70,9,36,13,12,58,20,60,17,12,13,31.571428571428573,13.428571428571429,32.4,36.833333333333336
M. Ngadeu-Ngadjui,Michael Ngadeu-Ngadjui,11/23/1990,28,190.5,93.0,"CB,CDM",Cameroon,74,76,5500000.0,1000.0,Right,1,5,2,Normal,12500000.0,Cameroon,75.0,LCB,5.0,38,39,72,67,38,53,53,26,66,57,66,70,67,70,67,66,72,69,92,61,76,70,41,48,50,67,69,75,75,74.85714285714286,52.42857142857143,52.6,68.5
A. Ajeti,Albian Ajeti,2/26/1997,22,182.88,77.1,"ST,CF",Switzerland,74,79,7500000.0,19000.0,Right,1,4,3,Normal,11800000.0,FC Basel 1893,73.0,SUB,22.0,59,77,71,61,70,69,59,33,55,70,76,81,70,67,67,75,89,74,82,58,62,16,74,64,56,80,38,19,17,44.857142857142854,68.71428571428571,60.1,76.16666666666667
S. Deli,Simon Deli,10/27/1991,27,193.04,83.9,CB,Ivory Coast,74,77,6000000.0,1000.0,Left,1,3,2,Lean,13700000.0,Côte d'Ivoire,75.0,RCB,19.0,28,37,78,64,46,62,48,41,55,65,74,78,70,73,60,66,77,68,80,32,70,68,38,33,50,72,69,78,77,73.42857142857143,49.57142857142857,50.2,71.16666666666667
A. Chumacero,Alejandro Saúl Chumacero Bracamonte,4/22/1991,27,165.1,64.9,"CM,RM",Bolivia,74,75,6500000.0,9000.0,Right,1,3,3,Normal,11500000.0,Puebla FC,70.0,LCM,3.0,70,61,56,78,79,70,62,58,73,76,75,70,76,71,92,77,68,86,68,73,75,75,64,72,67,74,61,64,63,68.57142857142857,68.14285714285714,70.2,77.83333333333333
T. Reginiussen,Tore Reginiussen,4/10/1986,32,185.42,79.8,CB,Norway,74,74,3200000.0,7000.0,Right,1,3,2,Normal,4200000.0,Norway,75.0,LCB,4.0,54,31,71,62,32,44,29,32,64,55,66,63,62,71,53,60,89,64,84,52,72,74,55,42,32,72,72,73,72,74.14285714285714,47.57142857142857,49.5,66.16666666666667
R. Christie,Ryan Christie,2/12/1995,24,152.4,71.2,"CAM,CM,CDM,RM",Scotland,74,79,7500000.0,37000.0,Left,1,4,3,Lean,14100000.0,Scotland,75.0,LCM,10.0,65,68,54,75,52,74,69,63,66,73,75,79,82,72,79,80,69,86,72,73,76,64,71,74,51,77,63,63,65,68.57142857142857,64.14285714285714,70.5,78.33333333333333
C. Gordon,Craig  Gordon,12/31/1982,36,193.04,83.0,GK,Scotland,74,74,1300000.0,20000.0,Left,2,3,1,Lean,2400000.0,Scotland,75.0,SUB,21.0,13,14,15,34,15,11,15,13,27,28,35,35,57,73,51,23,68,25,68,14,33,26,16,51,22,51,23,15,13,32.714285714285715,17.0,31.6,45.166666666666664
S. Arfield,Scott Arfield,11/1/1988,30,152.4,79.8,"CM,LM",Canada,74,74,5500000.0,44000.0,Right,1,3,3,Normal,9900000.0,Canada,70.0,LCM,7.0,69,70,59,75,61,73,72,59,73,74,68,67,69,72,80,71,69,80,70,65,69,64,74,74,57,80,59,63,66,67.28571428571429,65.28571428571429,71.5,72.16666666666667
G. Bong,Gaëtan Bong Songo,4/25/1988,30,187.96,73.9,LB,Cameroon,74,74,4100000.0,35000.0,Left,1,3,3,Lean,7700000.0,Cameroon,75.0,SUB,4.0,74,29,60,74,16,68,64,35,70,74,63,68,67,72,64,58,70,69,73,53,70,76,63,65,40,68,78,78,75,74.0,45.57142857142857,66.1,66.83333333333333
T. Sainsbury,Trent Sainsbury,1/5/1992,27,182.88,78.0,CB,Australia,74,76,5500000.0,13000.0,Right,1,3,2,Lean,8100000.0,Australia,73.0,RCB,20.0,58,45,74,67,33,55,62,25,68,55,74,74,67,74,73,61,77,75,76,43,62,77,52,62,63,70,81,70,76,73.14285714285714,53.0,58.8,73.33333333333333
A. Hassan,Ahmed Hassan,3/5/1993,26,190.5,86.2,ST,Egypt,74,78,7500000.0,1000.0,Right,1,3,3,Normal,16300000.0,Egypt,73.0,SUB,20.0,30,75,79,63,74,70,66,44,46,71,58,58,53,71,39,80,51,54,87,67,79,31,74,59,79,76,20,23,25,48.714285714285715,75.42857142857143,57.9,52.166666666666664
B. Bereszyński,Bartosz Bereszyński,7/12/1992,26,182.88,77.1,RB,Poland,74,77,6000000.0,25000.0,Right,1,3,3,Normal,10700000.0,Poland,77.0,LB,18.0,70,50,60,68,56,68,60,50,62,70,85,87,76,70,72,64,70,79,69,60,74,70,60,60,50,70,66,75,72,70.85714285714286,57.142857142857146,63.8,78.16666666666667
R. Strebinger,Richard Strebinger,2/14/1993,26,193.04,89.8,GK,Austria,74,77,5000000.0,12000.0,Right,1,2,1,Normal,7800000.0,SK Rapid Wien,69.0,GK,1.0,15,14,16,26,12,12,17,13,21,20,37,38,39,74,33,23,66,30,78,14,20,15,13,12,23,28,14,13,12,25.714285714285715,16.428571428571427,22.2,40.5
E. Álvarez,Edson Álvarez,10/24/1997,21,185.42,73.0,"CB,CDM",Mexico,74,79,6500000.0,31000.0,Right,1,3,2,Lean,11500000.0,Club América,74.0,LDM,4.0,64,40,74,72,63,64,27,30,71,71,71,70,73,71,66,67,73,73,72,30,77,72,55,45,65,70,71,73,73,72.57142857142857,56.285714285714285,56.0,71.0
L. Mothiba,Lebo Mothiba,1/28/1996,23,182.88,76.2,ST,South Africa,74,83,9000000.0,16000.0,Right,1,3,3,Lean,19800000.0,South Africa,71.0,ST,23.0,54,78,70,68,69,70,59,51,53,74,72,74,61,70,68,70,67,69,74,66,55,24,76,59,68,75,32,15,12,41.0,71.0,61.7,68.5
P. Kunde Malong,Pierre Kunde Malong,7/26/1995,23,154.94,78.9,"CDM,CM",Cameroon,74,80,6500000.0,18000.0,Right,1,4,3,Stocky,12400000.0,Cameroon,75.0,SUB,13.0,70,64,54,78,44,70,62,40,73,75,78,78,69,71,74,85,74,79,84,74,75,72,63,67,57,65,70,73,62,71.57142857142857,63.0,67.3,75.33333333333333
C. Hourihane,Conor Hourihane,2/2/1991,28,154.94,62.1,"CM,CDM",Republic of Ireland,74,74,6000000.0,18000.0,Left,1,4,3,Lean,11400000.0,Republic of Ireland,74.0,LCM,17.0,74,66,57,77,60,65,74,78,71,72,65,68,79,71,76,71,76,88,69,77,75,67,66,76,64,68,60,71,64,67.71428571428571,65.85714285714286,73.4,75.33333333333333
C. Kameni,Carlos Idriss Kameni,2/18/1984,35,185.42,86.2,GK,Cameroon,74,74,2300000.0,36000.0,Right,2,3,1,Normal,4300000.0,Cameroon,75.0,SUB,23.0,12,11,13,27,13,15,11,12,29,14,44,45,59,67,57,22,70,38,79,12,34,24,14,37,24,43,13,11,12,30.857142857142858,15.571428571428571,26.1,52.166666666666664
S. Kırıntılı,Serkan Kırıntılı,2/15/1985,34,185.42,78.0,GK,Turkey,74,74,2800000.0,12000.0,Right,1,2,1,Normal,5700000.0,Turkey,76.0,GK,12.0,12,13,16,24,12,13,11,14,23,13,41,56,61,74,51,22,78,30,59,12,32,24,16,36,10,65,14,15,15,32.0,14.428571428571429,25.6,52.833333333333336
L. Griffiths,Leigh Griffiths,8/20/1990,28,175.26,77.1,ST,Scotland,74,74,6000000.0,46000.0,Left,1,3,3,Normal,10800000.0,Scotland,75.0,SUB,16.0,67,74,68,66,61,71,80,85,46,69,82,80,79,72,76,81,86,71,67,71,66,22,75,62,68,68,21,16,14,39.142857142857146,71.14285714285714,68.0,79.0
G. Svensson,Gustav Svensson,2/7/1987,32,182.88,77.1,"CDM,CB,CM",Sweden,74,74,3800000.0,7000.0,Right,1,2,3,Normal,5700000.0,Sweden,76.0,SUB,18.0,49,34,65,75,45,64,55,33,69,70,52,44,48,74,59,66,73,85,77,47,82,73,50,64,45,72,69,73,72,74.0,50.285714285714285,61.7,60.166666666666664
C. Paterson,Callum Paterson,10/13/1994,24,187.96,76.2,"ST,CM,RB",Scotland,74,79,7500000.0,37000.0,Right,1,3,3,Normal,15600000.0,Scotland,75.0,RB,2.0,70,70,79,67,68,66,48,32,66,67,72,79,66,78,59,72,93,89,84,63,85,66,74,71,46,58,67,69,68,71.0,67.42857142857143,63.6,76.33333333333333
I. Kutepov,Ilya Kutepov,7/29/1993,25,193.04,83.9,CB,Russia,74,80,6500000.0,1000.0,Right,1,5,2,Lean,15000000.0,Russia,77.0,RCB,3.0,34,35,80,74,43,38,40,55,70,54,32,33,48,75,55,74,34,70,82,55,70,83,30,46,36,63,75,73,72,74.0,50.42857142857143,53.2,45.333333333333336
J. Durmaz,Jimmy Durmaz,3/22/1989,29,154.94,68.9,"CAM,LW,RW",Sweden,74,74,5500000.0,26000.0,Left,2,4,3,Normal,11000000.0,Sweden,76.0,SUB,21.0,74,69,22,75,68,79,76,76,73,75,74,69,77,72,76,77,53,68,53,73,75,22,66,72,74,75,31,44,30,47.142857142857146,64.14285714285714,74.4,69.5
J. Hoilett,David Junior Hoilett,6/5/1990,28,172.72,69.9,"LW,LM,RM",Canada,74,74,5500000.0,44000.0,Right,2,3,3,Normal,11000000.0,Canada,70.0,LM,10.0,71,68,58,68,69,76,69,65,63,75,88,87,85,70,83,76,71,60,63,73,66,45,71,73,68,68,20,39,28,47.0,69.0,70.3,79.0
J. Chester,James Chester,1/23/1989,30,154.94,78.9,CB,Wales,74,74,4400000.0,18000.0,Right,1,3,2,Normal,8300000.0,Wales,75.0,SUB,5.0,54,33,73,68,27,60,47,44,61,63,68,72,72,67,71,36,84,67,78,31,72,72,44,49,52,73,75,73,76,74.14285714285714,42.285714285714285,56.2,72.33333333333333
G. Arias,Gabriel Arias,9/13/1987,31,187.96,91.2,GK,Chile,74,74,3600000.0,14000.0,Right,1,2,1,Normal,5100000.0,Racing Club,75.0,GK,1.0,15,19,17,26,14,15,18,20,19,20,35,39,34,64,56,16,60,32,60,16,25,16,17,37,24,42,10,15,14,26.0,17.571428571428573,27.1,42.666666666666664
J. Corona,José de Jesús Corona Rodríguez,1/26/1981,38,182.88,83.9,GK,Mexico,75,75,450000.0,12000.0,Right,2,3,1,Normal,765000.0,Cruz Azul,72.0,GK,1.0,17,12,13,33,12,13,14,10,33,20,41,38,64,70,60,21,79,25,52,12,11,23,15,40,21,67,25,13,11,28.857142857142858,15.142857142857142,29.0,51.166666666666664
N. Stanciu,Nicolae Claudiu Stanciu,5/7/1993,25,170.18,71.2,"CAM,RM,CM",Romania,75,80,9000000.0,33000.0,Right,1,4,3,Normal,16000000.0,Al Ahli,72.0,LCM,71.0,77,70,66,74,65,77,77,80,73,78,70,69,77,70,78,73,63,67,61,77,60,42,70,75,66,66,23,30,32,44.857142857142854,69.57142857142857,75.6,70.66666666666667
E. Paredes,Esteban Paredes,8/1/1980,38,152.4,82.1,ST,Chile,75,75,2400000.0,7000.0,Left,2,3,3,Normal,3300000.0,Colo-Colo,71.0,RS,7.0,63,82,70,69,65,73,69,75,62,75,67,66,70,72,68,71,72,68,80,70,55,30,80,69,78,70,37,22,29,46.142857142857146,73.71428571428571,69.6,68.5
R. Saravia,Renzo Saravia,6/16/1993,25,175.26,74.8,RB,Argentina,75,80,7500000.0,17000.0,Right,1,2,3,Normal,11100000.0,Racing Club,75.0,RB,26.0,71,34,55,67,32,77,57,58,68,69,88,89,76,73,67,51,82,91,66,37,84,71,68,32,48,69,74,72,73,72.71428571428571,46.42857142857143,60.4,82.16666666666667
T. Klose,Timm Klose,5/9/1988,30,193.04,87.1,CB,Switzerland,75,75,4900000.0,25000.0,Right,1,3,2,Lean,9400000.0,Switzerland,77.0,SUB,20.0,34,29,81,66,32,27,38,26,70,49,45,42,33,73,31,64,60,65,84,35,73,74,40,54,30,79,75,76,74,76.42857142857143,44.42857142857143,49.1,46.0
M. Fernández,Matías Ariel Fernández Fernández,5/15/1986,32,152.4,72.1,"CM,CAM",Chile,75,75,5000000.0,5000.0,Right,2,4,5,Lean,7000000.0,Junior FC,72.0,SUB,18.0,75,61,50,78,70,78,80,82,76,80,75,71,76,71,74,78,66,64,60,75,50,60,70,78,72,76,58,60,56,60.0,68.0,77.6,71.0
V. Lazaro,Valentino Lazaro,3/24/1996,22,152.4,74.8,"RB,RM,CAM,LM",Austria,75,80,7500000.0,20000.0,Right,1,3,4,Normal,13300000.0,Austria,77.0,RM,22.0,80,69,47,77,72,81,77,69,72,81,86,83,83,74,77,69,56,73,66,70,65,70,73,75,67,77,72,70,69,69.85714285714286,66.71428571428571,76.1,76.33333333333333
F. Helander,Filip Helander,4/22/1993,25,193.04,83.9,CB,Sweden,75,77,7000000.0,25000.0,Left,1,1,2,Lean,12400000.0,Sweden,76.0,SUB,14.0,30,28,74,52,21,52,39,40,48,54,46,52,54,68,54,58,68,63,83,25,80,77,24,45,34,63,80,78,74,76.42857142857143,37.714285714285715,47.3,56.166666666666664
R. Ibarra,Alex Renato Ibarra Mina,1/20/1991,28,175.26,68.9,RM,Ecuador,75,75,7000000.0,52000.0,Right,1,3,3,Normal,11900000.0,Club América,74.0,RM,30.0,76,60,47,70,64,77,60,61,62,75,91,93,84,67,75,70,69,79,70,68,73,56,64,68,54,63,57,52,46,59.57142857142857,61.0,68.4,81.83333333333333
P. Hurtado,Christopher Paolo César Hurtado Huertas,7/27/1990,28,175.26,72.1,CAM,Peru,75,75,7000000.0,18000.0,Right,1,4,4,Normal,14000000.0,Peru,73.0,SUB,7.0,70,72,72,74,70,75,68,72,71,76,80,83,75,70,73,76,80,65,59,71,42,45,72,74,69,72,48,34,28,46.857142857142854,71.71428571428571,72.4,76.0
Kaíquão Castro,Kaíque Osvaldo Castro Rodrigues,2/29/1984,35,190.5,88.0,GK,Brazil,75,75,2700000.0,20000.0,Right,1,2,1,Normal,5100000.0,Brazil,81.0,SUB,22.0,9,8,10,20,9,9,8,7,16,21,34,38,31,72,41,23,67,41,81,7,36,22,11,71,19,67,23,10,10,35.57142857142857,12.428571428571429,30.4,42.0
K. Ayhan,Kaan Ayhan,11/10/1994,24,182.88,83.9,"CB,CDM",Turkey,75,79,7500000.0,22000.0,Right,1,4,3,Normal,14100000.0,Turkey,76.0,SUB,18.0,68,35,69,74,41,64,82,74,71,68,65,66,67,75,64,83,86,68,77,71,75,74,50,65,47,75,75,76,73,75.0,56.57142857142857,70.6,69.33333333333333
M. Bizot,Marco Bizot,3/10/1991,27,193.04,84.8,GK,Netherlands,75,78,5500000.0,11000.0,Right,1,2,1,Normal,8700000.0,Netherlands,81.0,SUB,23.0,20,15,16,28,13,12,20,15,33,32,45,47,50,74,40,26,67,32,64,14,39,17,13,47,36,60,11,12,14,31.0,19.0,32.8,46.833333333333336
Zeca,José Carlos Gonçalves Rodrigues,8/31/1988,30,182.88,67.1,CM,Greece,75,75,6500000.0,21000.0,Right,1,3,3,Lean,8500000.0,Greece,75.0,LDM,8.0,69,57,55,76,65,72,61,58,73,74,75,77,74,82,76,68,65,90,71,60,83,78,66,68,55,77,76,72,71,75.42857142857143,60.857142857142854,70.1,76.16666666666667
S. Bolat,Sinan Bolat,9/3/1988,30,185.42,83.0,GK,Turkey,75,75,4500000.0,10000.0,Right,1,3,1,Normal,6700000.0,Turkey,76.0,SUB,1.0,15,12,29,33,13,17,19,11,41,21,48,38,52,69,43,21,65,26,72,11,35,11,17,53,28,65,13,14,13,31.857142857142858,18.714285714285715,33.2,45.333333333333336
V. Guzmán,Víctor Alfonso Guzmán Guzmán,2/3/1995,24,175.26,81.2,"CM,CAM,CDM",Mexico,75,80,9000000.0,24000.0,Right,1,3,3,Normal,16000000.0,Pachuca,72.0,RDM,5.0,63,71,79,78,48,73,63,67,74,74,75,76,72,75,74,75,78,81,64,74,66,69,72,71,66,70,71,65,67,67.42857142857143,69.28571428571429,70.9,76.0
M. Krmenčík,Michael Krmenčík,3/15/1993,25,190.5,89.8,ST,Czech Republic,75,80,9000000.0,1000.0,Right,1,3,3,Normal,20500000.0,Czech Republic,75.0,SUB,11.0,55,77,76,66,66,70,56,53,43,72,75,76,70,72,57,69,58,65,84,65,78,23,78,60,67,59,17,25,20,43.714285714285715,71.14285714285714,60.7,66.83333333333333
J. Fernandes,Júnior Fernandes,10/4/1988,30,182.88,78.0,"LM,RM,ST",Chile,75,75,6500000.0,15000.0,Right,1,4,4,Normal,13000000.0,Chile,77.0,SUB,11.0,70,76,77,74,69,78,66,60,62,78,78,79,78,71,63,75,67,74,79,72,70,30,76,69,66,70,29,35,21,47.714285714285715,73.0,69.7,73.16666666666667
T. Pukki,Teemu Pukki,3/29/1990,28,154.94,79.8,"ST,CF",Finland,75,75,7000000.0,31000.0,Right,1,3,3,Normal,13300000.0,Finland,70.0,ST,10.0,45,78,60,70,63,71,53,40,35,74,81,79,82,74,72,73,75,79,67,64,56,27,82,70,64,70,30,26,16,41.714285714285715,69.14285714285714,60.2,78.0
C. McGregor,Callum McGregor,6/14/1993,25,175.26,73.9,"CDM,CAM,LM,LB",Scotland,75,78,7000000.0,40000.0,Left,1,4,4,Stocky,13100000.0,Scotland,75.0,CDM,6.0,66,70,44,79,49,75,73,65,65,77,82,78,86,72,84,67,53,90,68,72,77,73,70,70,56,78,72,71,69,72.57142857142857,61.142857142857146,71.2,78.83333333333333
Dani Rochelinhas,Danilo Manuel Aldair Rochela,2/29/1992,27,152.4,74.8,"CAM,CM",Brazil,75,75,7000000.0,17000.0,Left,1,3,4,Normal,13300000.0,Brazil,81.0,SUB,21.0,66,64,51,74,61,75,72,73,71,76,81,72,82,74,67,55,51,71,54,62,57,41,77,76,71,78,26,33,32,45.857142857142854,63.0,73.3,70.66666666666667
F. Schär,Fabian Schär,12/20/1991,27,187.96,83.9,CB,Switzerland,75,78,7000000.0,38000.0,Right,2,4,2,Normal,13800000.0,Switzerland,77.0,SUB,22.0,65,60,79,73,53,64,65,66,74,69,60,50,64,75,61,76,88,69,77,65,72,76,66,68,78,70,73,74,73,73.57142857142857,68.14285714285714,68.7,65.33333333333333
Renato Sanches,Renato Júnior Luz Sanches,8/18/1997,21,175.26,69.9,CM,Portugal,75,84,10000000.0,41000.0,Right,3,4,3,Normal,18500000.0,Portugal,82.0,SUB,8.0,60,65,64,76,68,77,59,68,70,77,79,77,76,72,90,85,79,86,76,77,90,69,70,67,68,68,73,70,64,72.85714285714286,71.0,69.3,81.16666666666667
J. Altidore,Jozy Altidore,11/6/1989,29,182.88,78.9,ST,United States,75,75,7000000.0,10000.0,Right,3,4,3,Normal,10500000.0,United States,74.0,ST,17.0,46,75,75,67,70,70,66,72,50,69,67,73,63,69,51,81,75,68,90,66,80,32,74,69,75,69,15,34,27,49.57142857142857,73.71428571428571,64.7,66.16666666666667
S. Ilsanker,Stefan Ilsanker,5/18/1989,29,187.96,86.2,"CDM,CB,RB",Austria,75,75,5000000.0,40000.0,Right,1,3,2,Normal,8500000.0,Austria,77.0,RDM,6.0,39,45,72,71,43,50,41,33,64,58,38,77,34,78,38,70,60,78,84,62,89,82,46,56,37,62,72,79,79,78.14285714285714,53.57142857142857,54.6,54.166666666666664
A. McGregor,Allan McGregor,1/31/1982,37,182.88,73.9,GK,Scotland,75,75,900000.0,22000.0,Right,2,3,1,Normal,1600000.0,Scotland,75.0,GK,1.0,11,20,13,36,15,20,20,14,39,29,33,41,65,70,51,23,73,30,71,14,45,20,13,60,23,68,15,13,15,35.285714285714285,17.285714285714285,35.9,48.833333333333336
W. Hennessey,Wayne  Hennessey,1/24/1987,32,198.12,89.8,GK,Wales,75,75,4000000.0,34000.0,Right,2,3,1,Lean,7700000.0,Wales,75.0,GK,1.0,11,12,14,29,10,8,12,11,41,23,40,41,48,67,51,34,41,29,68,10,21,22,14,58,17,55,13,18,13,30.0,15.857142857142858,31.8,41.666666666666664
Éder,Éderzito António Macedo Lopes,12/22/1987,31,190.5,81.2,ST,Portugal,75,75,6500000.0,1000.0,Right,2,4,3,Normal,13700000.0,Portugal,82.0,SUB,9.0,35,74,74,64,72,67,66,41,52,69,73,78,69,76,61,81,64,69,83,61,83,47,75,73,73,76,37,33,28,55.285714285714285,72.85714285714286,61.6,69.0
J. Kurtić,Jasmin Kurtić,1/10/1989,30,185.42,88.0,"CM,CAM,CF",Slovenia,75,75,6500000.0,15000.0,Right,2,3,3,Normal,11700000.0,Slovenia,75.0,LDM,8.0,67,60,71,77,69,71,68,69,75,75,67,65,65,74,62,80,67,75,84,76,77,75,74,72,65,75,65,75,72,74.71428571428571,70.71428571428571,72.0,66.83333333333333
Adilson Edrada,Adilson Patrick Edrada Pereira,2/29/1992,27,175.26,72.1,CAM,Brazil,75,75,7000000.0,18000.0,Right,1,3,3,Lean,13300000.0,Brazil,81.0,SUB,23.0,63,73,56,76,68,75,61,66,58,73,79,82,81,66,78,61,69,55,59,73,43,38,76,77,76,67,16,32,44,42.714285714285715,69.0,69.2,74.0
J. Rodríguez,Jonathan Javier Rodríguez Portillo,7/6/1993,25,152.4,77.1,"ST,LW",Uruguay,75,79,9000000.0,23000.0,Right,1,3,3,Normal,16000000.0,Cruz Azul,72.0,LS,13.0,62,75,65,67,70,73,58,62,55,72,87,83,75,70,76,78,72,85,75,69,68,35,75,57,76,69,23,40,45,50.714285714285715,72.57142857142857,63.3,79.66666666666667
P. Ntep,Paul-Georges Ntep de Madiba,7/29/1992,26,154.94,74.8,"LM,LW,ST",Cameroon,75,76,8000000.0,36000.0,Right,2,4,3,Stocky,14200000.0,Cameroon,75.0,SUB,19.0,71,65,43,73,67,80,74,69,66,76,79,79,77,75,75,75,49,72,73,69,70,28,71,66,68,68,32,25,15,44.42857142857143,65.42857142857143,71.6,71.83333333333333
L. Schaub,Louis Schaub,12/29/1994,24,152.4,69.9,"CAM,RM",Austria,75,80,9000000.0,18000.0,Left,1,3,3,Lean,14200000.0,Austria,77.0,SUB,10.0,67,69,52,74,58,83,66,59,66,80,77,77,88,64,77,64,69,74,65,65,60,35,67,74,64,68,41,33,39,48.714285714285715,62.714285714285715,70.7,77.0
F. Rønnow,Frederik Rønnow,8/4/1992,26,190.5,77.1,GK,Denmark,75,80,6500000.0,21000.0,Right,1,2,1,Lean,11500000.0,Denmark,78.0,SUB,22.0,14,9,12,25,7,13,16,7,30,12,48,45,34,74,40,21,63,32,67,13,17,12,14,48,17,31,15,11,13,23.714285714285715,13.285714285714286,28.7,43.666666666666664
S. Armstrong,Stuart Armstrong,3/30/1992,26,182.88,74.8,"CAM,CDM,CM",Scotland,75,77,8000000.0,42000.0,Right,1,4,3,Normal,15800000.0,Scotland,75.0,RCM,8.0,64,70,66,75,62,75,71,70,71,73,79,76,84,67,65,75,69,82,68,77,67,67,72,73,52,67,61,64,61,65.0,67.71428571428571,71.2,75.83333333333333
N. Araújo,Néstor Alejandro Araújo Razo,8/29/1991,27,187.96,87.1,CB,Mexico,75,78,7000000.0,20000.0,Right,1,3,2,Stocky,15200000.0,Mexico,77.0,LCB,2.0,32,34,78,72,36,53,44,45,66,69,69,72,50,71,63,57,66,72,85,39,65,76,30,43,54,71,62,80,79,74.0,46.857142857142854,53.8,65.33333333333333
J. Hendrick,Jeff Hendrick,1/31/1992,27,182.88,83.9,"CAM,CM",Republic of Ireland,75,76,8000000.0,46000.0,Right,1,3,3,Normal,15800000.0,Republic of Ireland,74.0,CM,13.0,70,67,69,77,68,76,72,64,75,75,70,67,68,74,74,74,74,78,71,69,75,74,73,74,63,74,73,71,69,72.42857142857143,69.0,73.1,71.83333333333333
Z. Steffen,Zack Steffen,4/2/1995,23,190.5,86.2,GK,United States,75,84,8000000.0,5000.0,Right,1,3,1,Normal,13600000.0,United States,74.0,GK,12.0,14,9,13,46,8,15,13,11,48,28,54,52,58,70,43,27,71,33,69,12,31,19,9,58,37,56,13,12,12,30.285714285714285,16.428571428571427,36.1,51.833333333333336
T. Kádár,Tamás Kádár,3/14/1990,28,187.96,78.9,"CB,LB",Hungary,75,76,6000000.0,1000.0,Left,1,2,2,Normal,13100000.0,Hungary,73.0,LCB,4.0,71,34,73,70,29,58,31,38,71,68,67,73,56,69,63,39,71,87,79,28,73,76,46,62,35,64,77,76,72,73.85714285714286,40.57142857142857,60.0,69.5
F. Gutiérrez,Felipe Alejandro Gutiérrez Leiva,10/8/1990,28,170.18,64.0,"CM,CAM,CDM",Chile,75,75,7000000.0,9000.0,Left,2,4,3,Normal,10500000.0,Chile,77.0,SUB,14.0,70,68,51,78,66,70,79,72,71,78,67,66,76,77,79,73,48,76,58,70,68,68,72,73,70,71,55,65,53,62.57142857142857,67.14285714285714,74.1,68.66666666666667
R. Otero,Rómulo Otero Vásquez,11/9/1992,26,170.18,62.1,"LM,CAM,LW",Venezuela,75,76,8000000.0,23000.0,Right,1,4,4,Normal,13800000.0,Al Wehda,68.0,CAM,10.0,66,68,58,73,65,78,82,84,70,77,88,81,92,72,91,85,58,72,37,78,67,42,69,76,65,73,43,44,47,50.42857142857143,69.71428571428571,75.4,80.33333333333333
M. Zajc,Miha Zajc,7/1/1994,24,152.4,76.2,"CAM,CM",Slovenia,75,82,9500000.0,46000.0,Right,1,3,4,Normal,20000000.0,Slovenia,75.0,CAM,14.0,69,69,60,76,69,74,72,72,74,76,68,71,74,70,75,74,65,68,55,70,52,40,75,74,67,74,55,55,53,54.857142857142854,69.14285714285714,73.1,70.16666666666667
R. Ruidíaz,Raúl Mario Ruidíaz Misitich,7/25/1990,28,170.18,66.2,ST,Peru,76,76,8000000.0,10000.0,Right,1,4,4,Lean,12000000.0,Peru,73.0,ST,11.0,67,80,74,66,71,76,66,69,53,74,79,86,83,70,79,76,74,76,49,73,62,28,80,65,70,75,34,22,23,41.857142857142854,74.85714285714286,67.1,79.5
T. Souček,Tomáš Souček,2/27/1995,24,193.04,86.2,CDM,Czech Republic,76,84,10000000.0,1000.0,Right,1,3,3,Lean,24000000.0,Czech Republic,75.0,RDM,15.0,52,54,74,75,51,63,49,38,70,70,64,66,46,75,57,72,70,85,77,62,70,79,61,68,45,69,76,76,76,74.71428571428571,59.857142857142854,62.8,64.66666666666667
D. Yedlin,DeAndre Yedlin,7/9/1993,25,172.72,74.8,"RB,RWB",United States,76,81,8500000.0,34000.0,Right,1,3,3,Normal,16800000.0,United States,74.0,RB,2.0,69,40,65,70,60,75,70,28,53,73,93,93,85,75,76,73,86,86,66,51,76,68,70,68,38,72,72,75,72,71.57142857142857,56.714285714285715,64.9,86.5
M. Bradley,Michael Bradley,7/31/1987,31,187.96,78.9,"CDM,CM",United States,76,76,5500000.0,8000.0,Right,2,3,2,Normal,8300000.0,United States,74.0,CDM,4.0,73,57,63,80,71,73,74,71,79,77,65,64,65,75,72,76,47,85,76,69,80,70,63,73,65,76,67,71,70,72.85714285714286,66.28571428571429,74.8,66.33333333333333
X. Schlager,Xaver Schlager,9/28/1997,21,175.26,73.0,"CM,CAM,CDM",Austria,76,84,11500000.0,25000.0,Left,1,3,3,Normal,19600000.0,FC Red Bull Salzburg,73.0,RCM,42.0,59,64,44,76,55,75,70,60,72,77,83,79,83,78,74,76,54,85,69,75,74,67,74,72,56,69,60,71,70,68.57142857142857,63.42857142857143,71.1,76.33333333333333
C. Cathcart,Craig Cathcart,2/6/1989,30,190.5,83.0,"CB,RB",Northern Ireland,76,76,6000000.0,46000.0,Right,1,3,2,Lean,11400000.0,Northern Ireland,71.0,RCB,20.0,39,29,76,71,30,47,39,39,63,59,40,47,59,72,56,56,69,60,78,41,73,75,29,50,28,70,76,79,77,75.42857142857143,41.285714285714285,52.9,55.166666666666664
T. Gebre Selassie,Theodor Gebre Selassie,12/24/1986,32,154.94,71.2,"RB,RM",Czech Republic,76,76,5000000.0,24000.0,Right,2,2,3,Lean,8500000.0,Czech Republic,75.0,SUB,4.0,75,49,80,76,49,76,52,58,69,77,75,75,73,73,67,62,89,81,67,39,71,81,66,61,51,72,73,74,68,72.28571428571429,56.57142857142857,67.8,76.66666666666667
A. Hegazi,Ahmed Hegazi,1/25/1991,28,193.04,94.8,CB,Egypt,76,78,7500000.0,31000.0,Right,1,2,2,Normal,14800000.0,Egypt,73.0,LCB,6.0,18,17,77,59,23,49,35,29,54,63,49,55,45,65,51,27,75,73,85,15,83,71,20,41,30,60,76,78,76,75.57142857142857,29.857142857142858,45.4,58.0
M. Fabián,Marco Jhonfai Fabián De La Mora,7/21/1989,29,170.18,64.9,"CAM,RM,CF",Mexico,76,76,8000000.0,10000.0,Right,2,4,4,Normal,12000000.0,Mexico,77.0,CAM,8.0,74,72,61,77,77,78,78,78,72,78,68,65,84,74,86,81,67,71,64,80,64,34,73,74,75,76,20,38,34,47.142857142857146,74.14285714285714,75.7,73.5
K. Tierney,Kieran Tierney,6/5/1997,21,152.4,78.0,"LB,LWB,LM",Scotland,76,86,11000000.0,32000.0,Left,1,3,3,Normal,22000000.0,Scotland,75.0,SUB,22.0,74,52,59,72,27,75,72,56,66,73,87,91,76,72,77,79,69,88,76,66,82,71,64,70,36,74,72,73,74,74.57142857142857,54.714285714285715,70.0,81.33333333333333
J. Forrest,James Forrest,7/7/1991,27,175.26,77.1,"RM,RWB",Scotland,76,76,8500000.0,48000.0,Right,1,3,4,Stocky,15300000.0,Scotland,75.0,RM,7.0,74,74,47,72,66,77,72,51,49,76,94,92,92,72,90,70,74,77,64,67,44,40,71,72,67,74,54,52,39,52.42857142857143,66.0,68.7,86.5
D. Pelkas,Dimitrios Pelkas,10/26/1993,25,152.4,73.0,"CAM,RM,LM,CM",Greece,76,79,10000000.0,1000.0,Right,1,3,4,Lean,21800000.0,Greece,75.0,LM,18.0,70,66,46,76,71,77,74,73,73,76,83,78,81,66,84,74,48,68,44,76,39,31,72,76,67,72,47,30,26,41.285714285714285,67.42857142857143,73.7,73.66666666666667
C. Biraghi,Cristiano Biraghi,9/1/1992,26,185.42,78.0,"LB,LM",Italy,76,78,7500000.0,42000.0,Left,1,3,3,Normal,13300000.0,Italy,83.0,LB,4.0,78,40,65,72,46,71,68,50,69,71,77,78,73,74,72,79,70,77,69,65,74,75,58,56,64,70,75,77,73,73.28571428571429,59.57142857142857,66.5,74.5
R. Brady,Robbie Brady,1/14/1992,27,152.4,77.1,"LM,LB",Republic of Ireland,76,76,8500000.0,48000.0,Left,1,3,4,Normal,16200000.0,Republic of Ireland,74.0,LWB,12.0,80,69,59,71,66,76,81,79,75,75,77,74,74,74,76,78,73,72,64,75,58,66,72,77,72,74,63,68,71,66.28571428571429,70.14285714285714,76.5,74.33333333333333
N. Castillo,Nicolás Castillo,2/14/1993,26,152.4,81.2,ST,Chile,76,79,10000000.0,57000.0,Right,2,3,3,Stocky,17800000.0,Club América,74.0,RS,15.0,49,80,77,65,67,68,67,66,59,74,70,68,62,73,75,81,82,68,89,68,78,37,77,58,86,74,40,30,19,52.42857142857143,76.57142857142857,63.7,70.83333333333333
J. Allen,Joe Allen,3/14/1990,28,167.64,62.1,"CM,CAM",Wales,76,76,7500000.0,44000.0,Right,2,3,3,Lean,14300000.0,Wales,75.0,RDM,7.0,73,68,52,77,54,74,66,59,72,74,71,68,82,83,91,67,81,91,60,58,81,74,71,73,60,83,75,77,71,74.42857142857143,61.42857142857143,72.4,80.66666666666667
T. Koubek,Tomáš Koubek,8/26/1992,26,198.12,94.8,GK,Czech Republic,76,79,7000000.0,21000.0,Right,1,2,1,Normal,13800000.0,Czech Republic,75.0,GK,16.0,13,12,13,14,19,17,18,16,20,20,33,37,25,65,29,22,53,28,79,17,31,11,12,39,20,54,14,12,16,31.0,16.428571428571427,26.1,34.166666666666664
K. Piątek,Krzysztof Piątek,7/1/1995,23,182.88,77.1,ST,Poland,76,82,10500000.0,67000.0,Right,1,3,3,Normal,20000000.0,Poland,77.0,SUB,23.0,51,82,75,64,47,70,47,40,35,73,76,75,72,68,61,76,81,76,76,67,33,31,83,52,75,69,33,38,24,43.42857142857143,72.14285714285714,55.2,73.5
D. Dumfries,Denzel Dumfries,4/18/1996,22,187.96,79.8,RB,Netherlands,76,81,8500000.0,13000.0,Right,1,2,3,Normal,12500000.0,Netherlands,81.0,SUB,12.0,77,47,73,69,28,71,50,50,65,69,80,84,68,72,53,66,83,88,87,40,76,68,69,58,43,67,68,76,74,73.71428571428571,52.285714285714285,63.9,76.0
E. Valencia,Enner Valencia,11/4/1989,29,152.4,76.2,"ST,RW",Ecuador,76,76,8000000.0,55000.0,Right,2,3,4,Lean,12800000.0,Tigres U.A.N.L.,75.0,CAM,13.0,70,75,71,68,65,74,71,65,63,74,88,87,80,72,77,80,90,80,74,74,57,42,74,67,70,73,25,40,42,50.42857142857143,72.71428571428571,69.1,83.66666666666667
A. Paschalakis,Alexandros  Paschalakis,7/28/1989,29,198.12,92.1,GK,Greece,76,77,6000000.0,1000.0,Right,1,2,1,Normal,13100000.0,Greece,75.0,SUB,12.0,12,12,17,22,12,18,16,12,25,11,53,47,51,76,59,18,61,34,76,12,41,15,4,45,30,59,19,15,14,34.142857142857146,15.0,28.2,50.833333333333336
Beto,António Alberto Bastos Pimparel,5/1/1982,36,182.88,81.2,GK,Portugal,76,76,1000000.0,12000.0,Right,2,3,1,Normal,2100000.0,Portugal,82.0,SUB,22.0,17,12,22,36,17,14,23,10,32,18,47,34,69,74,35,25,67,40,52,12,29,12,12,47,23,68,17,19,10,29.571428571428573,17.571428571428573,31.8,48.666666666666664
P. Mantalos,Petros Mantalos,8/31/1991,27,175.26,73.0,"CAM,CM,RM",Greece,76,77,9000000.0,1000.0,Right,1,4,3,Lean,20500000.0,Greece,75.0,RM,20.0,73,66,51,78,67,79,68,71,75,80,74,72,78,65,78,74,60,70,55,72,63,50,73,74,62,77,55,48,38,55.142857142857146,66.42857142857143,73.7,72.0
K. Dolberg,Kasper Dolberg,10/6/1997,21,187.96,83.0,ST,Denmark,76,85,12000000.0,15000.0,Right,2,4,3,Normal,19200000.0,Denmark,78.0,SUB,12.0,42,76,70,69,74,75,67,70,54,78,72,77,75,72,67,87,71,70,76,77,38,21,72,69,75,77,28,24,19,40.42857142857143,75.85714285714286,66.5,72.0
P. van Aanholt,Patrick  van Aanholt,8/29/1990,28,175.26,67.1,LB,Netherlands,76,76,6500000.0,44000.0,Left,1,4,3,Lean,12400000.0,Netherlands,81.0,SUB,21.0,65,66,61,72,58,76,64,68,74,76,88,89,78,71,77,75,90,83,65,69,75,69,75,68,46,67,72,75,76,71.28571428571429,64.28571428571429,70.2,84.16666666666667
M. de Roon,Marten de Roon,3/29/1991,27,185.42,76.2,"CM,CDM",Netherlands,76,76,8000000.0,26000.0,Right,2,3,3,Normal,13600000.0,Netherlands,81.0,RDM,18.0,64,60,70,76,62,68,57,43,74,74,68,68,62,79,70,74,79,90,75,68,79,81,69,72,60,76,79,78,76,77.71428571428571,66.14285714285714,67.9,72.83333333333333
T. Rogić,Tom Rogić,12/16/1992,26,187.96,88.0,"CAM,CM",Australia,76,79,9500000.0,46000.0,Left,1,4,4,Normal,17800000.0,Australia,73.0,CAM,23.0,61,70,60,76,68,82,76,62,70,82,74,66,74,64,75,82,52,58,77,80,48,44,75,73,56,83,49,51,43,56.42857142857143,70.14285714285714,71.9,66.5
N. Nández,Nahitan Nández,12/28/1995,23,172.72,72.1,"CM,CDM,RM",Uruguay,76,85,11500000.0,20000.0,Right,1,3,4,Normal,18400000.0,Boca Juniors,76.0,SUB,15.0,57,66,48,76,31,74,46,52,69,76,78,78,81,81,80,74,77,91,82,65,84,78,73,70,55,80,77,76,73,78.57142857142857,58.857142857142854,67.1,80.83333333333333
R. Marin,Răzvan Marin,5/23/1996,22,175.26,69.9,"CM,CDM",Romania,76,82,10500000.0,15000.0,Right,1,4,4,Normal,17900000.0,Romania,72.0,SUB,5.0,76,68,55,77,73,76,78,76,81,76,71,68,73,67,70,84,65,79,65,78,66,70,75,76,68,71,65,59,57,64.71428571428571,71.57142857142857,75.9,71.0
M. Uribe,Andrés Mateus Uribe Villa,3/21/1991,27,182.88,71.2,"CM,CDM,RM",Colombia,76,77,8500000.0,54000.0,Right,1,4,3,Lean,15100000.0,Club América,74.0,RES,8.0,68,73,67,77,50,73,63,63,76,77,76,74,70,70,72,75,75,92,75,71,72,70,71,71,68,74,64,70,69,70.57142857142857,67.85714285714286,70.9,76.5
A. Nagy,Ádám Nagy,6/17/1995,23,152.4,73.9,CDM,Hungary,76,83,9500000.0,24000.0,Right,1,5,3,Lean,18100000.0,Hungary,73.0,CDM,8.0,72,48,54,80,68,80,74,62,78,80,73,73,82,74,79,58,54,78,54,58,65,75,64,78,58,76,75,73,67,69.28571428571429,58.285714285714285,75.6,73.16666666666667
A. Schöpf,Alessandro Schöpf,2/7/1994,25,152.4,73.9,"RM,RWB,RW,CM",Austria,77,80,11500000.0,27000.0,Right,1,4,3,Lean,20400000.0,Austria,77.0,SUB,18.0,76,72,44,75,65,80,69,61,62,79,78,77,78,76,77,68,62,93,62,72,60,59,74,65,64,73,61,60,50,60.714285714285715,65.57142857142857,70.8,77.5
P. Schick,Patrik Schick,1/24/1996,23,185.42,73.0,"ST,CF,RW",Czech Republic,77,85,13500000.0,53000.0,Left,2,2,4,Lean,25700000.0,Czech Republic,75.0,SUB,10.0,64,77,74,74,72,82,78,56,59,81,74,73,83,73,67,72,69,62,70,73,59,22,77,73,58,74,50,24,19,45.42857142857143,71.85714285714286,71.3,71.33333333333333
S. Berge,Sander Berge,2/18/1998,21,195.58,93.9,"CDM,CM",Norway,77,86,12000000.0,12000.0,Right,1,3,3,Normal,20400000.0,Norway,75.0,RCM,14.0,61,34,73,82,48,78,68,40,78,76,75,77,68,69,53,75,71,80,88,55,67,78,62,76,46,80,71,74,63,74.42857142857143,56.142857142857146,70.4,70.66666666666667
R. Funes Mori,José Ramiro Funes Mori,3/5/1991,28,185.42,78.9,"CB,CM",Argentina,77,78,8500000.0,28000.0,Left,2,3,2,Normal,18500000.0,Argentina,82.0,LCB,13.0,66,40,79,70,25,63,49,58,62,70,61,68,65,67,61,69,77,74,78,56,83,76,49,59,52,64,75,77,74,75.28571428571429,52.857142857142854,62.3,67.66666666666667
C. Ortíz,Celso Fabián Ortiz Gamarra,1/26/1989,30,175.26,69.9,"CDM,CM",Paraguay,77,77,7000000.0,43000.0,Left,2,3,3,Normal,11200000.0,Monterrey,75.0,LDM,16.0,53,48,44,77,55,71,63,43,60,75,68,68,73,74,73,70,69,88,77,64,72,82,69,69,40,77,75,80,70,76.14285714285714,55.714285714285715,65.4,73.16666666666667
F. Grillitsch,Florian Grillitsch,8/7/1995,23,187.96,77.1,"CM,CDM",Austria,77,82,11500000.0,30000.0,Right,2,3,3,Lean,20400000.0,Austria,77.0,SUB,20.0,68,58,61,81,53,76,47,68,77,81,62,63,68,78,64,65,48,69,68,55,49,73,70,78,50,80,68,69,50,65.28571428571429,58.857142857142854,73.2,62.333333333333336
S. Lainer,Stefan Lainer,8/27/1992,26,175.26,73.0,RB,Austria,77,79,9000000.0,32000.0,Right,1,4,3,Lean,14200000.0,FC Red Bull Salzburg,73.0,RB,22.0,74,59,64,74,59,72,65,33,70,71,85,86,75,75,75,73,68,90,72,70,86,68,66,60,45,72,65,75,79,73.85714285714286,62.285714285714285,65.4,79.83333333333333
G. Ochoa,Francisco Guillermo Ochoa Magaña,7/13/1985,33,185.42,78.0,GK,Mexico,77,77,5000000.0,13000.0,Right,3,3,1,Lean,7500000.0,Mexico,77.0,GK,13.0,15,12,19,31,16,10,14,17,32,18,47,50,65,71,42,25,75,34,56,11,19,23,16,48,16,57,21,10,12,28.285714285714285,16.428571428571427,30.4,52.166666666666664
M. Doherty,Matt Doherty,1/16/1992,27,182.88,88.9,RWB,Republic of Ireland,77,78,8500000.0,58000.0,Right,1,4,3,Normal,16800000.0,Republic of Ireland,74.0,SUB,6.0,75,57,62,74,46,74,62,45,69,75,74,78,69,73,68,74,82,90,73,62,75,72,73,66,48,67,71,75,74,72.42857142857143,60.285714285714285,67.9,76.83333333333333
S. Aziz,Serdar Aziz,10/23/1990,28,182.88,78.9,CB,Turkey,77,79,8500000.0,54000.0,Right,1,3,2,Normal,16800000.0,Turkey,76.0,RCB,4.0,43,26,78,71,42,52,36,36,66,60,74,72,65,72,62,42,82,74,79,31,80,78,24,44,38,74,74,76,75,76.57142857142857,40.142857142857146,52.4,71.5
L. Augustinsson,Ludwig Augustinsson,4/21/1994,24,154.94,72.1,LB,Sweden,77,82,10000000.0,22000.0,Left,1,2,3,Lean,17800000.0,Sweden,76.0,LB,6.0,78,55,56,73,54,73,75,70,74,74,77,79,76,73,72,69,69,89,65,59,68,73,65,73,62,74,73,76,77,72.28571428571429,60.0,73.6,77.0
M. Jørgensen,Mathias Jørgensen,4/23/1990,28,190.5,84.8,CB,Denmark,77,79,8500000.0,45000.0,Right,1,2,2,Normal,16800000.0,Denmark,78.0,SUB,13.0,47,34,77,70,40,46,30,26,62,63,62,68,59,71,55,61,74,66,82,30,85,75,46,65,27,71,76,78,74,77.28571428571429,45.0,54.5,64.0
K. Mbabu,Kevin Mbabu,4/19/1995,23,182.88,83.0,RB,Switzerland,77,83,10000000.0,19000.0,Right,1,3,3,Normal,17000000.0,BSC Young Boys,71.0,SUB,43.0,76,44,65,72,39,71,62,38,65,74,90,92,78,69,72,66,78,90,83,44,74,71,72,68,35,71,69,76,74,74.0,52.142857142857146,66.3,83.33333333333333
V. Fischer,Viktor Fischer,6/9/1994,24,154.94,79.8,"LM,ST",Denmark,77,81,11500000.0,20000.0,Right,2,4,4,Normal,15800000.0,Denmark,78.0,SUB,15.0,67,75,49,75,74,79,71,65,69,79,80,83,82,70,75,77,56,81,67,69,68,34,75,77,62,74,45,36,33,51.0,68.71428571428571,72.9,76.16666666666667
E. Gutiérrez,Erick Gutiérrez,6/15/1995,23,154.94,73.9,CM,Mexico,77,85,13000000.0,15000.0,Left,1,2,4,Lean,20800000.0,Mexico,77.0,SUB,3.0,69,68,52,79,65,74,72,51,76,77,78,76,69,68,72,77,53,91,64,74,60,77,67,76,67,76,75,69,57,68.28571428571429,67.14285714285714,71.8,73.16666666666667
M. Lang,Michael Lang,2/8/1991,28,185.42,78.9,"RB,RM",Switzerland,77,77,7500000.0,26000.0,Right,1,4,3,Normal,12800000.0,Switzerland,77.0,SUB,6.0,78,71,80,74,68,63,45,55,73,74,69,76,66,67,57,72,80,85,79,66,69,75,67,55,59,71,75,78,77,74.85714285714286,69.0,63.9,72.16666666666667
D. van de Beek,Donny van de Beek,4/18/1997,21,182.88,73.9,"CAM,CM",Netherlands,77,83,12500000.0,14000.0,Right,2,4,3,Normal,20000000.0,Netherlands,81.0,SUB,17.0,67,75,59,78,76,74,66,62,74,78,66,65,70,76,58,77,70,82,75,80,68,72,77,76,55,78,64,59,52,66.85714285714286,71.28571428571429,72.7,68.5
J. Guidetti,John Guidetti,4/15/1992,26,185.42,78.9,ST,Sweden,77,80,11000000.0,27000.0,Right,2,3,4,Stocky,23900000.0,Sweden,76.0,LS,17.0,67,76,75,75,78,76,68,80,53,77,65,65,64,77,60,84,70,64,82,80,75,34,76,65,81,78,55,30,26,54.285714285714285,78.57142857142857,70.3,64.66666666666667
N. Jørgensen,Nicolai Jørgensen,1/15/1991,28,190.5,83.0,ST,Denmark,77,77,9500000.0,17000.0,Right,2,3,3,Normal,13300000.0,Denmark,78.0,ST,9.0,68,79,74,72,74,74,69,62,63,77,75,73,65,75,57,80,68,81,84,75,60,31,75,74,68,82,39,36,24,50.857142857142854,75.0,70.8,69.83333333333333
M. Layún,Miguel Arturo Layún Prado,6/25/1988,30,154.94,76.2,"RB,LB,LM,RM",Mexico,77,77,6500000.0,41000.0,Right,3,5,3,Normal,10400000.0,Monterrey,75.0,SUB,21.0,80,67,63,76,66,75,68,74,74,76,76,76,72,74,78,80,75,73,66,76,72,77,73,71,74,79,77,75,74,74.28571428571429,71.28571428571429,73.9,75.0
O. Yokuşlu,Okay Yokuşlu,3/9/1994,24,190.5,86.2,"CDM,CB",Turkey,77,83,10500000.0,19000.0,Right,1,4,3,Lean,24200000.0,Turkey,76.0,LDM,5.0,67,65,78,77,70,74,72,65,72,77,72,74,62,72,62,79,70,87,83,75,81,76,68,71,60,72,73,76,71,76.0,70.71428571428571,71.8,71.16666666666667
D. Zakaria,Denis Lemi Zakaria Lako Lado,11/20/1996,22,190.5,79.8,"CM,CDM",Switzerland,77,85,13000000.0,21000.0,Right,1,3,3,Normal,24700000.0,Switzerland,77.0,SUB,17.0,65,60,65,80,28,74,62,46,79,79,74,86,68,73,64,70,65,79,83,53,88,78,63,76,38,74,82,79,77,80.14285714285714,53.857142857142854,71.0,72.66666666666667
R. De Paul,Rodrigo Javier De Paul,5/24/1994,24,152.4,69.9,"LW,RW,CF",Argentina,77,83,12000000.0,27000.0,Right,1,3,4,Normal,22800000.0,Argentina,82.0,SUB,16.0,76,68,50,78,57,83,80,68,72,81,78,74,78,72,72,78,58,70,68,79,56,28,75,75,70,76,24,44,40,48.0,68.14285714285714,76.0,71.66666666666667
A. Marchesín,Agustín Marchesín,3/16/1988,30,187.96,84.8,GK,Argentina,77,77,5500000.0,43000.0,Right,1,3,1,Normal,9400000.0,Club América,74.0,GK,1.0,18,14,11,37,15,24,16,15,34,20,49,52,68,75,60,12,75,38,59,12,45,15,18,65,14,64,22,15,15,33.57142857142857,13.714285714285714,36.9,57.0
A. Dragović,Aleksandar Dragović,3/6/1991,28,185.42,88.0,CB,Austria,77,77,7500000.0,50000.0,Right,2,4,2,Normal,12800000.0,Austria,77.0,SUB,3.0,49,41,76,67,37,62,32,61,62,66,65,67,68,76,64,69,80,68,80,53,74,80,63,65,65,73,74,79,77,76.71428571428571,57.714285714285715,60.5,68.66666666666667
J. dos Santos,Jonathan dos Santos Ramírez,4/26/1990,28,172.72,73.0,"CM,RM",Mexico,77,77,9000000.0,10000.0,Right,1,4,3,Normal,13500000.0,Mexico,77.0,SUB,21.0,76,61,55,81,69,78,77,72,77,79,74,68,74,76,81,72,66,78,65,73,72,67,73,75,59,73,70,69,69,69.28571428571429,66.0,76.6,73.5
E. Pulgar,Erick Pulgar,1/15/1994,25,185.42,83.0,"CDM,CM",Chile,77,82,10000000.0,26000.0,Right,1,2,3,Lean,17800000.0,Chile,77.0,SUB,13.0,58,44,69,78,54,74,58,58,72,78,67,67,68,70,68,72,79,84,77,66,75,72,58,74,60,74,79,78,74,75.57142857142857,60.42857142857143,69.4,72.16666666666667
C. Wood,Chris Wood,12/7/1991,27,187.96,92.1,ST,New Zealand,77,78,10500000.0,56000.0,Right,1,3,2,Normal,20700000.0,New Zealand,66.0,ST,9.0,46,78,83,65,69,66,69,64,48,74,68,75,65,75,61,80,76,72,84,71,74,40,79,64,81,77,39,30,29,53.285714285714285,77.28571428571429,63.5,69.5
N. Chadli,Nacer Chadli,8/2/1989,29,187.96,84.8,"LM,RM,LW",Belgium,77,77,9000000.0,62000.0,Right,2,4,4,Normal,17100000.0,Belgium,85.0,SUB,22.0,74,73,67,76,73,80,77,78,68,80,74,78,65,75,54,81,71,75,83,75,59,43,74,75,76,79,41,48,44,56.714285714285715,74.14285714285714,75.8,69.5
T. Rincón,Tomás Eduardo Rincón Hernández,1/13/1988,31,152.4,76.2,"CM,CDM",Venezuela,77,77,8000000.0,42000.0,Right,2,3,3,Stocky,13600000.0,Venezuela,73.0,CM,8.0,65,45,58,78,60,76,55,52,76,77,76,69,75,76,81,77,91,87,77,72,82,80,66,72,46,74,72,82,78,77.85714285714286,60.57142857142857,69.9,79.83333333333333
A. Miranchuk,Aleksey Miranchuk,10/17/1995,23,182.88,73.9,"CAM,ST",Russia,77,82,12000000.0,1000.0,Left,1,2,3,Lean,26100000.0,Russia,77.0,SUB,15.0,65,64,53,79,62,78,64,53,71,79,71,75,77,74,67,65,58,75,64,65,43,36,72,82,57,70,22,28,29,41.714285714285715,62.57142857142857,72.7,70.5
A. Ekdal,Albin Ekdal,7/28/1989,29,185.42,74.8,"CM,CDM",Sweden,77,77,9000000.0,37000.0,Right,2,3,3,Lean,15300000.0,Sweden,76.0,LCM,8.0,67,60,62,80,66,74,74,70,78,79,54,52,61,74,58,72,66,75,75,69,83,72,70,75,68,76,74,72,64,73.71428571428571,66.71428571428571,74.6,61.0
S. Lichtsteiner,Stephan Lichtsteiner,1/16/1984,35,182.88,76.2,"RB,CB,RWB",Switzerland,77,77,2500000.0,79000.0,Right,3,3,3,Lean,4800000.0,Switzerland,77.0,SUB,2.0,75,45,70,77,62,74,68,66,70,76,63,67,73,77,77,74,73,76,70,68,82,79,66,62,64,77,74,75,76,76.14285714285714,64.14285714285714,70.7,71.5
V. Darida,Vladimír Darida,8/8/1990,28,170.18,64.0,"CM,CAM,CDM",Czech Republic,77,77,9000000.0,29000.0,Right,2,4,3,Lean,15300000.0,Czech Republic,75.0,SUB,19.0,71,68,41,78,65,75,78,69,75,78,70,65,82,74,88,76,77,91,48,76,56,69,72,73,76,79,72,66,59,64.14285714285714,67.71428571428571,74.4,78.83333333333333
M. Plattenhardt,Marvin Plattenhardt,1/26/1992,27,154.94,76.2,"LB,LM",Germany,77,78,8500000.0,26000.0,Left,2,2,3,Normal,15100000.0,Germany,85.0,SUB,2.0,87,43,60,78,54,75,87,89,69,78,74,74,68,77,74,79,72,76,73,55,64,72,67,65,61,68,76,78,77,72.57142857142857,59.857142857142854,77.0,73.0
R. Freuler,Remo Freuler,4/15/1992,26,154.94,77.1,CM,Switzerland,77,78,10500000.0,28000.0,Right,2,3,4,Normal,18600000.0,Switzerland,77.0,RDM,8.0,70,65,41,78,68,75,60,70,76,77,69,69,71,77,61,70,58,78,66,72,60,73,76,74,61,76,76,72,68,70.14285714285714,64.71428571428571,73.1,67.66666666666667
Gazzolisco,Gérson Adriano Gutierres Serra,2/29/1988,31,185.42,73.0,"LB,LM",Brazil,77,77,6500000.0,26000.0,Left,1,5,3,Normal,12400000.0,Brazil,81.0,SUB,19.0,76,54,77,77,71,71,81,77,67,72,81,82,67,72,66,84,72,89,82,77,94,67,57,56,77,77,74,77,75,78.0,71.0,70.5,76.16666666666667
D. Welbeck,Daniel Nii Tackie Mensah Welbeck,11/26/1990,28,185.42,73.0,"LW,ST,LM",England,77,77,9500000.0,95000.0,Right,3,3,3,Normal,18100000.0,England,82.0,SUB,21.0,69,75,78,75,76,78,61,62,64,78,76,83,76,78,62,78,80,74,75,69,75,32,79,71,70,76,47,38,33,53.714285714285715,75.0,70.7,75.16666666666667
J. Maddison,James Maddison,11/23/1996,22,175.26,73.0,"CAM,LM",England,77,85,13000000.0,45000.0,Right,1,4,4,Lean,27300000.0,England,82.0,SUB,22.0,76,69,30,78,69,77,78,79,73,82,77,74,85,68,78,82,54,67,40,73,56,45,69,81,74,76,37,40,34,46.857142857142854,66.57142857142857,77.3,72.5
E. Choupo-Moting,Jean-Eric Maxim Choupo-Moting,3/23/1989,29,190.5,91.2,"ST,LW",Cameroon,77,77,9000000.0,75000.0,Right,2,4,4,Normal,16700000.0,Cameroon,75.0,SUB,11.0,65,75,74,74,75,83,74,44,70,78,76,78,76,74,66,77,67,76,76,64,55,40,77,70,68,75,31,36,20,47.57142857142857,72.85714285714286,70.2,73.16666666666667
Gervinho,Gervais Lombe Yao Kouassi,5/27/1987,31,152.4,66.2,"LW,RW,ST",Ivory Coast,78,78,9000000.0,49000.0,Right,3,3,3,Lean,16200000.0,Côte d'Ivoire,75.0,RW,10.0,75,72,63,73,70,80,69,43,67,78,91,90,88,76,76,69,62,78,55,64,51,39,78,74,63,68,35,29,15,41.714285714285715,68.42857142857143,70.9,80.83333333333333
Guilherme,Guilherme Alvim Marinato,12/12/1985,33,195.58,94.8,GK,Russia,78,78,6000000.0,1000.0,Right,2,2,1,Lean,12600000.0,Russia,77.0,SUB,20.0,13,11,13,39,13,16,19,12,33,21,37,40,54,74,30,22,62,34,71,16,35,21,13,55,12,65,14,16,18,34.285714285714285,14.285714285714286,33.7,42.833333333333336
C. Tosun,Cenk Tosun,6/7/1991,27,182.88,78.0,ST,Turkey,78,79,12000000.0,95000.0,Right,2,4,3,Normal,23700000.0,Turkey,76.0,ST,9.0,64,78,81,70,74,75,72,73,60,77,71,74,73,79,66,83,80,73,74,75,75,31,79,61,86,77,33,34,15,48.42857142857143,79.42857142857143,69.2,72.83333333333333
M. Gradel,Max-Alain Gradel,11/30/1987,31,152.4,69.9,"LW,LM",Ivory Coast,78,78,10000000.0,35000.0,Right,2,4,4,Lean,20000000.0,Côte d'Ivoire,75.0,LW,15.0,71,78,66,74,69,82,67,73,67,81,85,84,83,75,70,76,66,71,59,78,59,51,76,74,78,78,31,40,35,50.42857142857143,74.42857142857143,73.8,76.5
P. Hernández,Pedro Pablo Hernández,10/24/1986,32,185.42,81.2,"CM,CAM,CDM",Chile,78,78,9000000.0,24000.0,Left,2,3,3,Lean,12600000.0,Independiente,75.0,LCM,19.0,54,66,53,79,69,80,75,69,77,79,69,67,70,80,44,75,69,68,77,73,85,75,78,80,62,68,55,66,68,70.57142857142857,68.0,75.3,64.5
D. Pröpper,Davy Pröpper,9/2/1991,27,185.42,78.9,CM,Netherlands,78,79,12000000.0,50000.0,Right,2,3,4,Lean,23700000.0,Netherlands,81.0,SUB,6.0,58,62,68,78,72,74,74,71,73,82,67,63,70,77,64,80,68,88,69,78,76,62,68,82,66,84,70,69,63,70.42857142857143,70.57142857142857,75.1,70.0
T. Vilhena,Tonny Emilio Trindade de Vilhena,1/3/1995,24,175.26,71.2,CM,Netherlands,78,81,13000000.0,14000.0,Left,2,4,3,Stocky,19200000.0,Netherlands,81.0,SUB,20.0,76,70,69,78,68,77,74,69,77,80,77,73,76,77,83,80,80,85,75,77,84,75,70,73,53,80,66,72,68,74.28571428571429,69.57142857142857,75.4,79.0
K. Fortounis,Konstantinos Fortounis,10/16/1992,26,154.94,76.2,"CAM,LM",Greece,78,80,12500000.0,1000.0,Right,2,4,3,Lean,27200000.0,Greece,75.0,CAM,10.0,77,72,57,77,71,82,84,80,74,80,75,78,80,77,68,74,61,70,68,77,63,32,75,77,80,80,45,35,38,51.57142857142857,72.28571428571429,78.5,72.0
A. Cragno,Alessio Cragno,6/28/1994,24,182.88,78.0,GK,Italy,78,84,10500000.0,21000.0,Right,1,3,1,Lean,20000000.0,Italy,83.0,SUB,12.0,15,12,12,26,13,13,11,12,25,21,41,37,37,62,43,19,74,43,55,17,33,19,15,42,31,59,20,11,12,29.857142857142858,17.0,26.9,45.833333333333336
M. De Sciglio,Mattia De Sciglio,10/20/1992,26,182.88,78.0,"RB,LB",Italy,78,79,10000000.0,78000.0,Right,2,5,3,Lean,17300000.0,Italy,83.0,SUB,2.0,78,33,68,74,41,74,75,39,68,75,75,79,79,72,77,67,77,87,68,51,74,76,64,60,49,72,79,78,78,75.0,53.285714285714285,67.5,79.0
R. Olsen,Robin Olsen,1/8/1990,29,195.58,86.2,GK,Sweden,78,78,7500000.0,46000.0,Right,1,2,1,Normal,12800000.0,Sweden,76.0,GK,1.0,20,11,16,32,16,11,18,16,37,18,31,40,32,73,33,20,40,37,75,14,27,20,13,55,26,45,22,12,16,31.0,16.571428571428573,33.5,35.5
R. Fraser,Ryan Fraser,2/24/1994,25,162.56,69.9,"LM,LW",Scotland,78,81,13000000.0,55000.0,Right,1,4,4,Stocky,25700000.0,Scotland,75.0,LM,11.0,77,70,30,76,43,81,70,67,65,76,90,87,94,72,96,60,60,72,50,69,65,45,74,77,60,71,45,53,42,53.0,58.0,73.8,83.16666666666667
D. Berardi,Domenico Berardi,8/1/1994,24,182.88,72.1,"RW,ST",Italy,78,83,14000000.0,50000.0,Left,2,3,4,Lean,26300000.0,Italy,83.0,SUB,11.0,74,74,62,75,78,80,70,73,75,85,79,79,87,73,73,83,66,68,65,79,85,26,77,71,74,74,45,30,30,50.714285714285715,75.28571428571429,74.7,75.33333333333333
Bruma,Armindo Tué Na Bangna,10/24/1994,24,172.72,69.9,"CAM,LM",Portugal,78,82,13500000.0,43000.0,Right,2,4,4,Lean,24000000.0,Portugal,82.0,LW,18.0,72,71,53,75,60,87,77,70,60,83,94,89,93,68,90,81,73,77,54,73,64,38,73,70,71,71,26,27,28,44.0,68.85714285714286,73.2,86.0
O. Vlachodimos,Odisseas Vlachodimos,4/26/1994,24,187.96,77.1,GK,Greece,78,85,10500000.0,9000.0,Right,1,3,1,Normal,23100000.0,SL Benfica,79.0,GK,99.0,15,12,13,27,14,13,17,13,24,23,42,44,60,79,38,19,74,39,68,16,32,23,14,40,18,46,11,14,12,29.428571428571427,15.142857142857142,29.1,49.5
R. Gagliardini,Roberto Gagliardini,4/7/1994,24,190.5,77.1,"CDM,CM",Italy,78,82,11500000.0,46000.0,Right,2,2,3,Lean,20400000.0,Italy,83.0,SUB,5.0,64,54,73,78,68,75,68,38,75,77,68,68,64,72,62,76,64,85,71,73,74,80,68,73,40,74,77,78,76,75.71428571428571,64.57142857142857,69.3,68.5
P. Sisto,Pione Sisto Ifolo Emirmija,2/4/1995,24,172.72,68.9,"LW,LM",Denmark,78,84,14000000.0,25000.0,Right,1,4,4,Lean,32200000.0,Denmark,78.0,LW,23.0,78,76,51,70,65,86,74,75,65,80,85,84,82,73,84,82,82,80,64,72,52,51,73,75,66,74,35,55,48,54.142857142857146,69.28571428571429,75.1,82.83333333333333
D. Laxalt,Diego Laxalt,2/7/1993,26,152.4,68.0,LM,Uruguay,78,79,12500000.0,76000.0,Left,2,3,4,Lean,22200000.0,Uruguay,81.0,LB,17.0,78,60,43,78,49,77,61,60,74,78,86,90,85,72,77,74,65,93,60,66,72,64,68,68,49,76,64,64,68,66.85714285714286,58.42857142857143,71.4,82.66666666666667
M. Meza,Maximiliano Eduardo Meza,12/15/1992,26,154.94,76.2,"CAM,LM,RM",Argentina,78,79,12500000.0,46000.0,Right,1,3,4,Lean,20900000.0,Monterrey,75.0,CAM,32.0,72,73,67,76,66,86,82,76,68,79,80,82,87,73,75,76,67,81,70,74,73,31,71,76,54,73,68,37,32,54.857142857142854,68.71428571428571,76.4,78.66666666666667
G. Simeone,Giovanni Pablo Simeone,7/5/1995,23,154.94,81.2,ST,Argentina,78,85,15000000.0,53000.0,Right,2,3,3,Normal,28500000.0,Argentina,82.0,SUB,19.0,40,79,80,68,72,76,69,60,55,76,79,78,76,76,74,79,84,74,72,66,70,24,80,60,71,76,51,29,26,49.714285714285715,75.28571428571429,64.0,77.5
R. Battaglia,Rodrigo Andrés Battaglia,7/12/1991,27,187.96,78.9,"CM,CDM",Argentina,78,79,12000000.0,15000.0,Right,1,4,3,Normal,24900000.0,Sporting CP,78.0,RES,16.0,46,61,68,78,53,74,45,59,75,76,65,68,60,76,61,76,73,90,78,77,88,82,75,72,57,73,81,83,76,80.14285714285714,66.71428571428571,67.3,69.5
N. Elvedi,Nico Elvedi,9/30/1996,22,187.96,78.0,"CB,RB,LB",Switzerland,78,84,12000000.0,20000.0,Right,2,3,3,Normal,22800000.0,Switzerland,77.0,RCB,4.0,65,30,79,73,30,69,45,29,55,72,73,77,66,75,54,42,73,78,77,31,69,79,53,59,37,65,76,81,76,74.71428571428571,43.142857142857146,60.1,70.16666666666667
N. Barella,Nicolò Barella,2/7/1997,22,172.72,68.0,CM,Italy,78,88,16500000.0,26000.0,Right,2,3,3,Lean,31400000.0,Italy,83.0,RCM,18.0,72,63,40,81,53,80,73,67,78,79,79,77,76,76,82,70,59,84,61,65,82,77,65,74,73,78,68,74,73,73.28571428571429,61.285714285714285,75.4,76.16666666666667
J. Gomez,Joe Gomez,5/23/1997,21,187.96,77.1,"CB,RB",England,78,88,14500000.0,61000.0,Right,1,3,3,Normal,29700000.0,England,82.0,SUB,16.0,69,26,68,72,24,67,41,29,57,68,80,83,64,77,66,41,66,74,80,26,70,81,51,52,26,69,78,80,77,76.42857142857143,37.42857142857143,58.4,72.16666666666667
A. Golovin,Alexandr Golovin,5/30/1996,22,154.94,68.9,"CM,CAM,CF",Russia,78,84,14000000.0,55000.0,Right,1,4,4,Lean,29400000.0,Russia,77.0,CAM,17.0,69,70,38,80,70,84,75,79,73,82,80,83,82,74,78,76,63,85,54,75,78,70,72,76,52,80,67,72,66,69.57142857142857,64.71428571428571,76.8,78.5
Trezeguet,Mahmoud Hassan,10/1/1994,24,152.4,78.0,"LM,CAM,RM",Egypt,78,80,13000000.0,15000.0,Right,3,5,4,Normal,27000000.0,Egypt,73.0,LM,21.0,78,75,42,76,63,83,63,63,72,78,82,85,78,69,70,76,65,78,67,76,45,22,69,69,66,74,39,39,27,44.714285714285715,66.71428571428571,72.0,76.33333333333333
R. Bentancur,Rodrigo Bentancur Colmán,6/25/1997,21,187.96,72.1,CM,Uruguay,78,90,18500000.0,66000.0,Right,1,3,4,Lean,34200000.0,Uruguay,81.0,RCM,6.0,58,53,62,85,45,84,46,49,77,85,69,75,68,74,68,63,74,87,67,62,66,66,60,76,50,80,74,72,64,69.85714285714286,56.42857142857143,71.0,73.5
B. Chilwell,Ben Chilwell,12/21/1996,22,152.4,77.1,LB,England,78,85,12500000.0,43000.0,Left,1,3,3,Normal,26300000.0,England,82.0,SUB,19.0,76,43,67,73,42,77,67,64,69,78,81,82,70,75,71,69,78,85,68,38,68,74,74,66,52,71,74,76,80,73.0,55.0,71.1,77.83333333333333
Claudio Coíntra,Claudio Nuno Coíntra Calegari,2/29/1984,35,175.26,71.2,"CAM,CF",Brazil,78,78,5000000.0,30000.0,Left,1,5,4,Normal,9500000.0,Brazil,81.0,SUB,18.0,74,73,45,75,77,75,86,74,75,76,87,74,86,82,83,74,58,75,57,68,42,32,78,79,73,84,17,28,21,40.142857142857146,69.71428571428571,77.5,77.16666666666667
Everticinho,Everton Jorge Simão Resende,2/29/1988,31,175.26,74.8,"RB,RW,CM",Brazil,78,78,7500000.0,29000.0,Right,1,3,4,Normal,13500000.0,Brazil,81.0,SUB,16.0,76,69,60,76,71,76,76,68,59,75,84,76,79,80,70,72,61,88,68,74,73,72,76,64,64,80,78,75,77,74.71428571428571,69.42857142857143,71.4,76.33333333333333
Sidney Pessinho,Sidney Adrián Pessoa Vidigal,2/29/1992,27,187.96,84.8,"CDM,CM",Brazil,78,78,9000000.0,27000.0,Right,1,3,2,Normal,17100000.0,Brazil,81.0,SUB,17.0,71,56,62,75,45,72,81,77,77,71,72,72,51,81,55,73,61,76,88,72,77,76,52,72,67,67,80,76,76,77.14285714285714,61.0,74.9,64.5
C. Ünder,Cengiz Ünder,7/14/1997,21,172.72,66.2,"RW,LW",Turkey,78,87,16000000.0,49000.0,Left,1,4,3,Normal,30400000.0,Turkey,76.0,LM,17.0,83,71,58,72,69,83,80,68,65,82,85,83,84,71,82,82,48,69,54,82,27,29,73,73,64,68,43,33,30,40.57142857142857,71.28571428571429,75.0,75.16666666666667
A. Valencia,Luis Antonio Valencia Mosquera,8/4/1985,33,154.94,83.0,RB,Ecuador,79,79,7000000.0,110000.0,Right,2,2,3,Stocky,13300000.0,Ecuador,72.0,RM,16.0,78,60,62,79,64,78,70,66,69,79,82,85,72,79,78,85,69,77,79,66,80,81,68,70,55,78,77,78,76,78.42857142857143,65.71428571428571,73.8,77.16666666666667
J. Hernández,Javier Hernández Balcázar,6/1/1988,30,175.26,73.0,ST,Mexico,79,79,12000000.0,90000.0,Right,3,3,3,Normal,22800000.0,Mexico,77.0,SUB,14.0,64,84,79,65,74,73,67,52,56,77,77,69,75,81,79,75,83,66,53,66,59,26,86,70,74,79,21,29,25,41.714285714285715,76.85714285714286,67.5,74.83333333333333
S. Coleman,Séamus Coleman,10/11/1988,30,152.4,77.1,RB,Republic of Ireland,79,79,9500000.0,92000.0,Right,2,3,3,Normal,18100000.0,Republic of Ireland,74.0,RWB,2.0,82,61,69,78,64,79,60,53,70,78,77,75,73,79,74,75,71,75,69,66,78,79,75,70,55,82,77,82,80,78.14285714285714,66.42857142857143,71.9,74.16666666666667
M. Sakho,Mamadou Sakho,2/13/1990,29,187.96,83.0,CB,France,79,80,11500000.0,58000.0,Left,3,2,2,Normal,22700000.0,France,84.0,SUB,5.0,58,23,74,77,20,50,50,30,69,63,49,55,50,70,54,51,75,70,91,38,87,81,36,61,40,76,74,82,78,81.28571428571429,40.285714285714285,58.9,58.833333333333336
G. Mercado,Gabriel Iván Mercado,3/18/1987,31,154.94,83.0,"CB,RB",Argentina,79,79,8500000.0,19000.0,Right,1,3,2,Stocky,17900000.0,Argentina,82.0,SUB,17.0,68,60,76,71,66,57,68,54,65,70,75,75,66,72,60,68,76,77,82,58,81,80,63,60,49,73,77,80,78,78.71428571428571,62.857142857142854,64.5,71.5
R. Barkley,Ross Barkley,12/5/1993,25,185.42,87.1,"CAM,CM",England,79,82,16000000.0,89000.0,Right,2,5,4,Normal,30800000.0,England,82.0,SUB,15.0,65,68,65,82,61,83,68,70,78,84,69,70,66,74,58,81,62,69,77,80,74,45,71,79,65,80,54,58,51,62.714285714285715,70.14285714285714,76.2,65.66666666666667
M. Gregoritsch,Michael Gregoritsch,4/18/1994,24,193.04,87.1,"CAM,ST",Austria,79,82,16000000.0,27000.0,Left,2,3,4,Normal,30000000.0,Austria,77.0,SUB,11.0,65,79,71,77,75,75,83,78,71,78,65,68,67,78,52,84,50,69,79,80,58,33,78,74,64,65,36,40,38,49.857142857142854,75.85714285714286,75.3,61.833333333333336
H. Vanaken,Hans Vanaken,8/24/1992,26,195.58,79.8,"CAM,CF",Belgium,79,81,15500000.0,27000.0,Right,1,5,4,Lean,22900000.0,Belgium,85.0,SUB,18.0,71,74,73,84,70,77,75,78,80,83,45,55,56,80,58,74,47,91,76,75,45,69,81,83,66,80,70,53,32,60.714285714285715,73.28571428571429,79.4,58.666666666666664
D. Sidibé,Djibril Sidibé,7/29/1992,26,182.88,81.2,"RB,LB",France,79,80,12000000.0,61000.0,Right,2,4,3,Normal,23700000.0,France,84.0,SUB,19.0,78,62,72,79,42,77,77,73,73,78,78,79,70,75,69,69,83,91,75,68,76,75,75,69,43,75,72,76,77,75.14285714285714,61.57142857142857,74.8,78.33333333333333
J. Vestergaard,Jannik Vestergaard,8/3/1992,26,198.12,98.0,CB,Denmark,79,80,12500000.0,48000.0,Right,2,4,2,Normal,24700000.0,Denmark,78.0,SUB,3.0,46,34,85,67,28,44,41,52,80,54,35,38,29,78,28,83,33,54,91,47,84,83,46,60,75,77,77,83,77,81.71428571428571,56.857142857142854,58.2,36.166666666666664
N. Pope,Nick Pope,4/19/1992,26,200.66,76.2,GK,England,79,82,11000000.0,45000.0,Right,1,3,1,Lean,21700000.0,England,82.0,SUB,23.0,11,14,11,32,14,15,13,12,35,24,50,47,36,70,45,17,72,37,73,15,36,21,13,43,22,62,14,15,14,33.57142857142857,15.142857142857142,29.8,47.833333333333336
J. Brooks,John Anthony Brooks,1/28/1993,26,193.04,78.0,CB,United States,79,84,14000000.0,44000.0,Left,2,3,2,Normal,24900000.0,United States,74.0,LCB,6.0,36,39,82,73,32,65,30,28,72,64,66,76,57,73,51,50,72,61,84,29,75,77,40,57,45,81,79,82,76,79.14285714285714,45.285714285714285,55.5,63.833333333333336
S. Arias,Santiago Arias Naranjo,1/13/1992,27,152.4,72.1,RB,Colombia,79,80,12000000.0,50000.0,Right,2,3,3,Normal,25500000.0,Colombia,79.0,RB,4.0,74,51,67,74,43,74,31,54,73,77,84,86,78,76,77,56,82,90,69,50,79,75,70,64,56,76,74,78,77,75.42857142857143,56.142857142857146,66.1,82.83333333333333
Mário Rui,Mário Rui Silva Duarte,5/27/1991,27,170.18,67.1,LB,Portugal,79,80,11500000.0,60000.0,Left,2,3,3,Lean,20400000.0,Portugal,82.0,LB,19.0,79,27,60,76,53,79,68,66,72,76,88,83,88,78,89,69,92,91,54,73,73,77,59,64,60,73,71,76,76,71.42857142857143,57.285714285714285,72.2,88.5
W. Orban,Willi Orban,11/3/1992,26,185.42,83.0,CB,Hungary,79,81,13000000.0,48000.0,Right,2,3,2,Normal,23100000.0,Hungary,73.0,RCB,6.0,38,38,83,66,33,53,28,32,56,58,51,53,48,74,56,37,90,67,85,29,79,77,34,42,41,68,76,83,77,77.85714285714286,42.142857142857146,48.9,60.833333333333336
H. Winks,Harry Winks,2/2/1996,23,175.26,73.9,"CM,CDM",England,79,86,17500000.0,77000.0,Right,1,3,3,Normal,35900000.0,England,82.0,SUB,17.0,65,54,50,83,50,79,73,60,78,81,75,70,79,79,83,63,51,83,63,62,61,73,64,80,51,82,72,74,67,70.28571428571429,56.285714285714285,75.8,73.5
K. Toko-Ekambi,Karl Brillant Toko Ekambi,9/14/1992,26,185.42,73.9,"ST,LW",Cameroon,79,80,15000000.0,38000.0,Right,2,4,3,Lean,32600000.0,Cameroon,75.0,LS,7.0,74,80,74,69,72,80,62,63,58,80,84,83,79,76,75,78,71,70,77,72,43,28,80,65,69,78,27,14,18,40.714285714285715,75.0,69.2,77.0
M. Campaña,Martín Campaña,5/29/1989,29,185.42,74.8,GK,Uruguay,79,80,10000000.0,21000.0,Right,1,3,1,Normal,14800000.0,Independiente,75.0,GK,25.0,21,16,15,31,12,18,15,13,25,29,40,48,40,71,44,28,60,18,81,17,27,30,18,58,23,51,22,16,18,35.0,18.428571428571427,33.9,41.666666666666664
B. Verbič,Benjamin Verbič,11/27/1993,25,152.4,69.9,"LM,RM",Slovenia,79,82,16000000.0,1000.0,Right,1,3,4,Normal,34800000.0,Slovenia,75.0,LM,21.0,70,74,65,75,68,81,63,65,69,80,85,81,78,79,81,70,72,77,72,71,74,32,80,75,63,76,54,34,33,53.57142857142857,70.14285714285714,73.2,79.0
B. Pavard,Benjamin Pavard,3/28/1996,22,185.42,76.2,"CB,RB",France,79,85,14500000.0,32000.0,Right,1,3,3,Lean,27600000.0,France,84.0,RB,2.0,66,37,73,78,57,66,58,51,79,76,69,73,68,77,66,60,86,77,74,48,72,82,54,66,51,77,82,79,81,78.14285714285714,54.285714285714285,68.3,73.16666666666667
L. Pellegrini,Lorenzo Pellegrini,6/19/1996,22,185.42,77.1,"CM,CAM,CDM",Italy,79,87,18500000.0,57000.0,Right,2,3,3,Normal,35200000.0,Italy,83.0,SUB,7.0,74,60,71,84,69,77,70,58,80,80,77,74,68,73,69,76,67,76,69,72,71,70,74,79,53,79,70,74,72,72.14285714285714,67.85714285714286,75.4,71.83333333333333
Maikel Catarino,Maikel Renan Catarino Fagundes,2/29/1984,35,152.4,74.8,"RB,LM",Brazil,79,79,3600000.0,38000.0,Right,1,3,3,Normal,6800000.0,Brazil,81.0,RB,2.0,81,48,69,73,49,78,55,49,75,77,83,76,82,81,75,52,51,85,62,56,62,77,57,61,41,54,79,78,76,69.71428571428571,53.142857142857146,69.1,75.33333333333333
Antônio Chiamuloira,A. Benjamin Chiamuloira Paes,2/29/1988,31,182.88,78.9,"CB,LB",Brazil,79,79,9500000.0,30000.0,Left,1,3,2,Normal,18100000.0,Brazil,81.0,SUB,15.0,55,51,76,68,44,44,54,50,72,62,67,72,49,79,49,43,88,62,81,51,88,77,24,47,66,70,81,78,81,79.42857142857143,50.714285714285715,57.8,64.5
Melvin Parrela,Melvin Luan Parrela Porfírio,2/29/1988,31,187.96,88.0,"CDM,CM",Brazil,79,79,9500000.0,20000.0,Right,1,3,2,Normal,18100000.0,Brazil,81.0,LCM,14.0,52,68,83,78,67,72,64,68,72,74,62,78,67,75,69,75,71,87,82,70,84,72,67,72,72,76,82,84,77,79.57142857142857,71.71428571428571,69.9,72.33333333333333
Gabri Prestão,Bernard Gabriel Prestão Chaves,2/29/1992,27,185.42,79.8,GK,Brazil,79,79,9000000.0,24000.0,Right,1,3,1,Normal,17100000.0,Brazil,81.0,SUB,12.0,8,9,7,11,8,18,12,13,12,20,58,62,66,76,43,15,60,23,60,12,35,12,5,60,15,64,22,9,16,31.142857142857142,10.142857142857142,29.0,52.0
Luimo Boas Santos,Luan Vágner Boas Macedo,2/29/1988,31,175.26,73.0,ST,Brazil,79,79,12000000.0,26000.0,Right,1,4,4,Normal,22800000.0,Brazil,81.0,SUB,11.0,42,79,73,74,76,82,79,60,56,78,86,82,83,82,69,75,82,80,67,82,43,20,82,75,74,73,27,20,19,38.42857142857143,77.28571428571429,70.3,80.33333333333333
T. Alexander-Arnold,Trent Alexander-Arnold,10/7/1998,20,154.94,68.9,RB,England,79,89,17000000.0,40000.0,Right,1,4,3,Lean,34900000.0,England,82.0,SUB,14.0,83,56,59,76,41,75,74,80,76,76,82,79,74,78,74,75,66,79,62,63,73,76,66,72,55,74,76,78,76,73.57142857142857,59.285714285714285,76.2,75.66666666666667
L. Martínez,Lautaro Martínez,8/22/1997,21,175.26,78.9,ST,Argentina,79,86,18000000.0,54000.0,Right,1,4,4,Normal,34200000.0,Argentina,82.0,SUB,18.0,56,82,79,62,68,78,71,33,50,79,82,83,79,75,70,79,81,75,86,68,74,31,79,72,59,77,46,22,25,51.57142857142857,73.42857142857143,64.8,78.33333333333333
F. Chiesa,Federico Chiesa,10/25/1997,21,175.26,69.9,"RW,CF",Italy,79,87,18500000.0,51000.0,Right,2,4,4,Lean,35200000.0,Italy,83.0,RW,14.0,72,70,50,76,68,84,74,48,60,81,87,85,86,76,77,81,55,78,64,78,62,30,76,73,62,76,65,34,34,52.142857142857146,69.28571428571429,71.7,78.0
Rúben Dias,Rúben Alves Dias,5/14/1997,21,185.42,82.1,CB,Portugal,79,85,15000000.0,10000.0,Right,1,4,2,Normal,33000000.0,SL Benfica,79.0,RCB,6.0,34,29,81,69,30,54,33,26,58,60,63,64,47,75,56,54,76,77,78,22,94,76,39,34,45,72,79,80,75,79.14285714285714,42.857142857142854,47.7,63.833333333333336
S. Romero,Sergio Germán Romero,2/22/1987,32,193.04,87.1,GK,Argentina,80,80,9000000.0,91000.0,Right,3,3,1,Normal,17100000.0,Argentina,82.0,SUB,1.0,11,14,12,39,17,12,12,13,48,40,47,44,52,78,44,14,63,35,75,11,33,21,11,55,16,62,14,11,15,33.0,13.571428571428571,36.3,47.5
V. Birsa,Valter Birsa,8/7/1986,32,182.88,81.2,"CAM,RW",Slovenia,80,80,13000000.0,41000.0,Left,2,4,4,Normal,22100000.0,Slovenia,75.0,SUB,10.0,78,62,60,82,73,84,78,78,76,86,70,74,68,76,68,84,68,69,77,83,55,49,75,82,76,80,68,52,40,60.142857142857146,73.28571428571429,80.2,69.5
N. Nkoulou,Nicolas N'Koulou,3/27/1990,28,182.88,77.1,CB,Cameroon,80,80,12000000.0,50000.0,Right,3,3,3,Lean,20400000.0,Cameroon,75.0,SUB,18.0,60,33,77,72,64,68,37,28,70,72,72,74,68,76,74,58,83,68,78,46,76,80,54,63,50,78,80,82,78,78.85714285714286,54.57142857142857,60.9,73.16666666666667
L. de Jong,Luuk de Jong,8/27/1990,28,187.96,86.2,ST,Netherlands,80,80,16000000.0,23000.0,Right,2,3,2,Normal,22400000.0,Netherlands,81.0,SUB,19.0,66,79,93,76,83,66,63,66,64,76,53,57,58,81,60,84,81,83,84,69,52,38,84,69,65,77,44,43,37,53.57142857142857,79.57142857142857,69.6,65.33333333333333
J. Zoet,Jeroen Zoet,1/6/1991,28,187.96,88.0,GK,Netherlands,80,83,12500000.0,16000.0,Right,2,4,1,Normal,18400000.0,Netherlands,81.0,SUB,13.0,17,12,19,37,19,15,13,20,38,34,57,45,54,77,42,25,57,40,66,17,18,21,11,57,27,61,25,18,16,32.142857142857146,18.571428571428573,36.5,49.166666666666664
D. Blind,Daley Blind,3/9/1990,28,154.94,72.1,"CB,LB,CDM",Netherlands,80,81,13500000.0,22000.0,Left,3,4,3,Normal,19900000.0,Netherlands,81.0,LB,5.0,81,46,72,83,62,73,84,62,83,80,62,53,72,84,75,70,72,83,74,64,72,83,66,76,56,82,78,81,77,78.14285714285714,62.285714285714285,78.2,69.5
R. Pereyra,Roberto Pereyra,1/7/1991,28,182.88,77.1,"LM,CAM,CM",Argentina,80,80,15500000.0,65000.0,Right,2,4,4,Lean,29500000.0,Argentina,82.0,SUB,7.0,78,74,60,82,73,84,78,72,75,84,75,76,75,74,73,68,65,77,63,74,66,70,76,80,72,78,50,64,70,65.85714285714286,71.0,78.7,73.5
R. Rodríguez,Ricardo Rodríguez,8/25/1992,26,154.94,77.1,"LB,CB",Switzerland,80,83,15500000.0,81000.0,Left,3,3,4,Normal,27500000.0,Switzerland,77.0,LB,13.0,86,59,64,78,67,76,82,84,78,78,73,73,73,80,70,78,73,77,75,72,75,80,68,74,83,80,80,78,78,78.0,70.14285714285714,79.0,73.16666666666667
G. Pezzella,Germán Alejandro Pezzella,6/27/1991,27,185.42,81.2,CB,Argentina,80,82,14500000.0,59000.0,Right,1,3,2,Normal,25700000.0,Argentina,82.0,RCB,2.0,40,48,82,64,40,54,46,25,56,66,60,58,34,77,48,54,82,63,82,50,82,80,47,22,35,72,78,82,78,79.14285714285714,50.857142857142854,47.2,57.5
P. Kadeřábek,Pavel Kadeřábek,4/25/1992,26,182.88,81.2,"RWB,RB,RM",Czech Republic,80,81,14000000.0,39000.0,Right,2,2,3,Normal,24900000.0,Czech Republic,75.0,SUB,2.0,86,28,71,77,57,76,57,52,69,77,78,78,66,82,66,66,69,86,79,41,78,72,72,68,54,78,72,79,76,76.28571428571429,55.57142857142857,71.2,73.83333333333333
T. Vaclík,Tomáš Vaclík,3/29/1989,29,187.96,84.8,GK,Czech Republic,80,81,11500000.0,17000.0,Right,1,3,1,Normal,25000000.0,Czech Republic,75.0,SUB,1.0,15,14,19,17,13,14,17,16,38,20,34,35,32,76,53,20,70,35,73,16,29,22,15,68,13,60,19,18,18,34.142857142857146,15.714285714285714,34.9,43.166666666666664
Iñigo Martínez,Íñigo Martínez Berridi,5/17/1991,27,182.88,77.1,CB,Spain,80,81,14000000.0,27000.0,Left,2,2,2,Normal,30500000.0,Spain,85.0,LCB,4.0,51,42,73,71,37,53,72,51,81,70,71,74,67,75,64,81,90,71,80,74,84,81,48,46,39,69,78,80,83,79.28571428571429,56.285714285714285,61.6,72.83333333333333
B. Davies,Ben Davies,4/24/1993,25,182.88,76.2,LB,Wales,80,82,15000000.0,82000.0,Left,2,3,3,Lean,28900000.0,Wales,75.0,LB,4.0,82,58,67,79,48,76,72,48,70,78,76,74,70,78,68,65,73,85,69,52,76,79,71,75,54,74,78,83,80,77.0,59.285714285714285,73.3,74.33333333333333
L. Paredes,Leandro Paredes,6/29/1994,24,154.94,74.8,"CM,CDM",Argentina,80,85,19500000.0,72000.0,Right,2,4,4,Normal,37500000.0,Argentina,82.0,CM,5.0,76,55,60,84,73,78,79,78,82,82,75,69,77,74,77,82,61,79,69,80,79,72,74,82,57,74,73,75,72,73.42857142857143,68.71428571428571,79.7,73.0
C. Bacca,Carlos Arturo Bacca Ahumada,9/8/1986,32,154.94,77.1,ST,Colombia,80,80,13500000.0,42000.0,Right,3,2,3,Normal,28400000.0,Colombia,79.0,LS,7.0,60,80,75,68,77,78,69,58,55,78,73,75,70,80,77,78,74,66,74,60,58,34,90,68,80,76,40,16,14,44.57142857142857,77.14285714285714,68.2,72.5
Y. Poulsen,Yussuf Yurary Poulsen,6/15/1994,24,193.04,78.0,ST,Denmark,80,82,18500000.0,55000.0,Right,2,3,3,Lean,32800000.0,Denmark,78.0,RW,20.0,69,78,85,75,75,75,71,43,48,75,79,79,75,81,55,74,84,87,79,59,84,48,82,65,59,68,55,59,33,60.857142857142854,73.14285714285714,66.7,76.5
H. Çalhanoğlu,Hakan Çalhanoğlu,2/8/1994,25,152.4,76.2,"LW,CAM",Turkey,80,83,19000000.0,89000.0,Right,3,4,4,Normal,33700000.0,Turkey,76.0,CAM,10.0,81,65,53,83,77,85,92,90,80,86,73,69,78,78,77,86,46,76,54,88,57,61,75,80,71,78,62,56,56,60.57142857142857,73.57142857142857,83.5,69.83333333333333
E. Can,Emre Can,1/12/1994,25,182.88,82.1,"CM,CDM",Germany,80,85,19500000.0,91000.0,Right,2,4,3,Normal,33600000.0,Germany,85.0,SUB,23.0,70,60,72,81,61,76,68,65,80,81,69,73,73,78,71,81,76,85,83,75,85,81,73,79,60,74,82,81,80,80.85714285714286,68.85714285714286,75.7,74.5
N. Aké,Nathan Aké,2/18/1995,24,154.94,74.8,CB,Netherlands,80,84,16500000.0,58000.0,Left,1,3,2,Lean,32600000.0,Netherlands,81.0,SUB,15.0,63,45,74,77,52,67,62,59,73,73,75,74,68,79,69,63,86,73,77,56,73,79,53,65,48,72,81,82,80,77.71428571428571,55.857142857142854,68.3,74.16666666666667
J. Quintero,Juan Fernando Quintero,1/18/1993,26,167.64,67.1,"CAM,CF",Colombia,80,82,18000000.0,29000.0,Left,2,2,4,Stocky,26600000.0,River Plate,76.0,LAM,10.0,76,72,48,80,67,84,84,82,77,84,74,72,90,73,91,84,55,51,38,78,43,35,67,86,73,80,48,30,22,42.285714285714285,69.85714285714286,81.2,72.16666666666667
N. Tagliafico,Nicolás Alejandro Tagliafico,8/31/1992,26,172.72,64.9,LB,Argentina,80,82,15000000.0,20000.0,Left,2,2,3,Normal,22100000.0,Argentina,82.0,LB,3.0,75,57,73,75,38,74,61,40,67,74,85,86,79,78,79,66,90,91,63,44,78,77,67,68,46,76,80,78,79,75.85714285714286,55.857142857142854,68.0,85.0
Gayà,José Luís Gayà Peña,5/25/1995,23,172.72,66.2,LB,Spain,80,85,16500000.0,33000.0,Left,2,3,4,Lean,35900000.0,Spain,85.0,SUB,3.0,82,61,52,81,58,77,80,49,75,81,86,87,79,82,83,62,54,83,61,59,73,74,74,72,52,76,72,78,80,73.42857142857143,59.714285714285715,75.1,78.66666666666667
A. Christensen,Andreas Christensen,4/10/1996,22,187.96,81.2,CB,Denmark,80,87,18000000.0,85000.0,Right,2,3,2,Lean,36900000.0,Denmark,78.0,LCB,6.0,49,36,80,77,25,66,32,22,71,73,66,70,61,78,61,31,72,69,73,20,73,82,32,62,36,77,80,85,82,78.85714285714286,37.142857142857146,59.2,66.5
F. Armani,Franco Armani,10/16/1986,32,187.96,88.0,GK,Argentina,80,80,9000000.0,22000.0,Right,1,2,1,Normal,12600000.0,River Plate,76.0,GK,1.0,18,11,19,34,18,19,14,16,21,32,40,40,40,78,34,25,65,28,82,17,35,21,18,55,20,51,10,13,18,32.857142857142854,18.285714285714285,34.2,41.166666666666664
Rafa,Rafael Alexandre Fernandes Ferreira da Silva,5/17/1993,25,172.72,66.2,"RW,LW",Portugal,80,83,18500000.0,17000.0,Right,2,4,4,Lean,38400000.0,SL Benfica,79.0,LM,27.0,77,68,46,75,64,86,76,56,64,84,91,93,88,81,89,75,58,78,40,61,41,43,79,77,59,77,23,38,31,41.857142857142854,64.57142857142857,75.3,82.83333333333333
M. Vecino,Matias Vecino,8/24/1991,27,187.96,81.2,"CDM,CM",Uruguay,80,81,14500000.0,63000.0,Right,2,3,4,Lean,25700000.0,Uruguay,81.0,LM,15.0,71,61,75,83,62,84,64,58,79,84,74,69,66,83,56,78,67,81,75,77,72,76,74,81,56,81,76,77,73,75.71428571428571,69.0,76.8,68.83333333333333
M. Acuña,Marcos Javier Acuña,10/28/1991,27,172.72,68.9,"LB,LW,CM",Argentina,80,81,14000000.0,16000.0,Left,2,3,4,Stocky,29100000.0,Sporting CP,78.0,LW,9.0,87,65,63,78,68,85,87,78,76,83,79,75,84,78,86,83,69,90,84,84,88,76,75,78,74,87,78,80,75,81.14285714285714,73.14285714285714,80.8,80.5
L. Fabiański,Łukasz Fabiański,4/18/1985,33,190.5,83.0,GK,Poland,81,81,9000000.0,70000.0,Right,2,2,1,Normal,17100000.0,Poland,77.0,SUB,22.0,14,13,11,20,17,14,18,12,32,22,50,47,52,71,44,14,68,25,65,20,43,16,15,52,22,63,14,12,13,32.285714285714285,16.0,30.7,47.666666666666664
D. Rose,Danny Rose,7/2/1990,28,175.26,76.2,"LB,LWB",England,81,81,14500000.0,92000.0,Left,3,3,3,Normal,26800000.0,England,82.0,LB,3.0,82,57,62,76,64,80,64,57,66,77,80,78,72,82,76,68,75,82,72,67,87,81,68,73,57,76,77,83,84,80.0,63.285714285714285,73.0,77.16666666666667
E. Lamela,Erik Lamela,3/4/1992,27,182.88,79.8,"RM,LM",Argentina,81,82,21000000.0,105000.0,Left,2,2,4,Lean,40400000.0,Argentina,82.0,SUB,22.0,78,74,69,83,77,86,83,80,73,84,76,74,75,78,74,81,63,78,68,82,84,45,79,83,75,78,48,51,42,59.42857142857143,76.71428571428571,81.1,73.33333333333333
S. Kjær,Simon Thorup Kjær,3/26/1989,29,187.96,83.9,CB,Denmark,81,81,14000000.0,23000.0,Right,3,3,2,Normal,29400000.0,Denmark,78.0,RCB,4.0,54,55,82,73,37,46,52,69,69,71,56,65,40,73,58,78,70,76,80,41,75,79,31,49,61,69,83,82,78,78.0,55.0,60.5,60.833333333333336
F. Muslera,Fernando Muslera,6/16/1986,32,190.5,73.9,GK,Uruguay,81,81,10000000.0,52000.0,Right,3,2,1,Normal,19000000.0,Uruguay,81.0,GK,1.0,15,10,12,44,10,25,14,10,47,23,60,62,68,76,62,25,84,45,68,10,32,23,13,58,24,53,12,16,16,31.428571428571427,14.857142857142858,37.0,63.5
C. Stuani,Cristhian Ricardo Stuani Curbelo,10/12/1986,32,185.42,72.1,ST,Uruguay,81,81,16000000.0,44000.0,Right,1,3,4,Lean,33600000.0,Uruguay,81.0,SUB,11.0,68,83,87,74,75,78,66,57,65,79,69,69,65,81,62,79,83,81,78,76,81,36,82,69,85,77,45,49,42,58.285714285714285,81.0,70.6,71.5
F. Smolov,Fyodor Smolov,2/9/1990,29,187.96,79.8,ST,Russia,81,81,18500000.0,1000.0,Right,1,4,4,Lean,38900000.0,Russia,77.0,SUB,11.0,56,84,70,77,79,77,78,69,62,78,88,85,75,74,66,80,67,74,75,81,67,32,84,75,74,73,26,28,24,46.42857142857143,78.85714285714286,72.1,75.83333333333333
S. Nzonzi,Steven N'Kemboanza Mike Christopher Nzonzi,12/15/1988,30,195.58,74.8,"CDM,CM",France,81,81,14000000.0,71000.0,Right,2,3,2,Lean,23800000.0,France,84.0,SUB,15.0,59,50,78,82,55,70,73,40,72,81,44,53,36,80,31,65,75,83,92,57,82,83,70,73,57,85,81,80,76,82.71428571428571,61.714285714285715,70.3,53.666666666666664
A. Areola,Alphonse Areola,2/27/1993,26,195.58,93.9,GK,France,81,86,17000000.0,61000.0,Right,2,3,1,Normal,32700000.0,France,84.0,SUB,23.0,20,19,14,41,16,12,16,16,32,22,54,52,53,77,58,25,59,28,80,14,26,23,17,45,25,64,11,18,12,33.42857142857143,18.571428571428573,32.6,50.666666666666664
J. Corona,Jesús Corona,1/6/1993,26,172.72,62.1,"RM,RB",Mexico,81,82,21000000.0,18000.0,Right,3,5,5,Normal,43600000.0,FC Porto,81.0,RM,17.0,75,74,67,76,75,91,85,67,68,84,87,79,90,82,87,66,72,74,39,67,60,57,80,77,68,85,58,53,44,56.57142857142857,71.0,78.2,81.5
C. Aránguiz,Charles Mariano Aránguiz Sandoval,4/17/1989,29,170.18,69.9,"CM,CDM",Chile,81,81,17000000.0,76000.0,Right,2,4,3,Lean,28900000.0,Chile,77.0,SUB,20.0,78,64,53,85,68,75,75,76,83,82,76,60,80,76,85,80,61,87,63,75,80,74,75,81,76,76,74,71,72,72.85714285714286,70.14285714285714,79.2,74.83333333333333
G. Xhaka,Granit Xhaka,9/27/1992,26,185.42,82.1,"CM,CDM",Switzerland,81,84,22000000.0,115000.0,Left,3,2,3,Normal,43500000.0,Switzerland,77.0,LDM,10.0,73,49,62,86,50,70,75,77,85,80,47,49,49,76,61,90,32,81,77,79,92,71,75,81,63,74,66,72,68,74.28571428571429,66.85714285714286,78.4,53.166666666666664
L. Digne,Lucas Digne,7/20/1993,25,152.4,73.9,LB,France,81,84,18500000.0,85000.0,Left,2,3,3,Lean,36500000.0,France,84.0,SUB,12.0,82,52,70,81,45,77,78,82,71,82,76,75,68,79,79,79,84,81,70,71,75,81,69,72,60,76,77,80,82,77.28571428571429,63.714285714285715,77.6,77.16666666666667
J. Iličić,Josip Iličić,1/29/1988,31,190.5,78.9,"CF,CAM",Slovenia,81,81,17000000.0,41000.0,Left,3,3,4,Lean,28900000.0,Slovenia,75.0,RM,7.0,78,78,58,82,80,83,77,84,74,87,67,70,70,80,56,87,33,64,74,87,58,46,80,82,78,80,53,32,26,52.714285714285715,78.28571428571429,80.9,60.0
João Mário,João Mário Naval Costa Eduardo,1/19/1993,26,152.4,73.0,"CAM,LW,CM,RM",Portugal,81,84,22500000.0,71000.0,Right,3,4,4,Normal,39900000.0,Portugal,82.0,SUB,10.0,77,64,55,83,69,83,74,67,78,83,73,69,81,73,77,76,64,79,68,72,60,72,77,81,66,82,57,70,62,67.28571428571429,68.42857142857143,78.0,73.83333333333333
V. Lindelöf,Victor Nilsson Lindelöf,7/17/1994,24,187.96,79.8,CB,Sweden,81,87,21000000.0,105000.0,Right,2,4,3,Lean,44100000.0,Sweden,76.0,SUB,3.0,64,42,77,79,41,70,64,64,78,76,74,76,71,80,63,68,78,77,78,57,80,81,53,69,55,81,80,82,80,80.28571428571429,56.142857142857146,71.3,73.16666666666667
Dani Ceballos,Daniel Ceballos Fernández,8/7/1996,22,152.4,69.9,"CM,LM",Spain,81,88,25000000.0,120000.0,Right,1,3,4,Normal,56300000.0,Spain,85.0,LCM,21.0,74,68,41,83,62,85,73,63,80,85,73,67,82,80,79,64,52,75,62,71,76,76,76,83,55,80,62,75,74,72.14285714285714,62.42857142857143,78.9,71.33333333333333
Rúben Neves,Rúben Diogo da Silva Neves,3/13/1997,21,154.94,79.8,CM,Portugal,81,87,24000000.0,63000.0,Right,2,3,4,Normal,50400000.0,Portugal,82.0,LCM,5.0,77,64,51,84,77,74,82,83,86,81,64,64,65,78,70,84,68,78,70,83,82,75,63,85,67,83,69,74,69,74.57142857142857,69.85714285714286,81.5,68.16666666666667
E. Bailly,Eric Bailly,4/12/1994,24,185.42,77.1,CB,Ivory Coast,81,85,19500000.0,105000.0,Right,2,3,2,Normal,38500000.0,Côte d'Ivoire,75.0,SUB,2.0,51,33,79,70,42,62,46,43,56,64,75,81,67,74,62,55,85,71,86,48,87,81,47,54,46,71,79,81,83,81.14285714285714,50.0,57.4,73.5
M. Akanji,Manuel Obafemi Akanji,7/19/1995,23,187.96,84.8,CB,Switzerland,81,87,21000000.0,49000.0,Right,2,3,2,Normal,39900000.0,Switzerland,77.0,LCB,5.0,51,36,75,78,40,67,42,27,76,75,72,86,69,81,66,58,78,76,84,45,75,79,33,66,40,76,82,84,80,80.0,46.714285714285715,62.9,74.5
Laure Santeiro,Laureano Thomas Santeiro Marre,2/29/1988,31,170.18,63.0,"CAM,LW",Brazil,81,81,17000000.0,40000.0,Left,1,5,4,Lean,32300000.0,Brazil,81.0,SUB,8.0,73,72,44,79,67,82,56,75,80,82,86,78,89,80,88,67,44,67,48,75,41,31,82,80,74,77,29,13,23,37.42857142857143,68.71428571428571,76.7,75.33333333333333
H. Herrera,Héctor Miguel Herrera López,4/19/1990,28,182.88,72.1,CM,Mexico,82,82,22000000.0,22000.0,Right,3,4,3,Normal,44000000.0,FC Porto,81.0,RCM,16.0,63,71,59,79,59,76,67,63,76,78,71,73,66,82,70,81,66,95,73,78,84,82,82,78,64,75,81,82,67,77.71428571428571,70.57142857142857,74.0,73.5
S. Mandanda,Steve Mandanda,3/28/1985,33,185.42,82.1,GK,France,82,82,11000000.0,46000.0,Right,3,3,1,Normal,20900000.0,France,84.0,SUB,16.0,14,13,13,37,13,15,13,12,28,17,53,43,52,78,36,24,74,31,61,11,37,23,11,55,11,64,13,15,13,32.285714285714285,13.714285714285714,32.4,48.166666666666664
A. Guardado,José Andrés Guardado Hernández,9/28/1986,32,170.18,67.1,"CM,CDM",Mexico,82,82,19000000.0,35000.0,Left,3,2,4,Lean,39900000.0,Mexico,77.0,CM,18.0,75,63,55,85,69,81,78,81,84,85,75,72,82,82,88,72,74,83,59,74,72,74,70,85,70,76,75,76,74,72.28571428571429,67.57142857142857,82.1,79.0
O. Giroud,Olivier Giroud,9/30/1986,32,193.04,92.1,ST,France,82,82,20000000.0,140000.0,Left,3,3,3,Normal,37000000.0,France,84.0,ST,9.0,64,83,90,79,82,70,70,65,58,83,43,50,57,83,54,85,84,62,88,74,76,42,83,77,83,79,37,37,20,54.142857142857146,82.85714285714286,72.6,58.333333333333336
K. Strootman,Kevin Strootman,2/13/1990,29,185.42,79.8,"CDM,CM",Netherlands,82,82,18000000.0,60000.0,Left,3,3,3,Normal,34200000.0,Netherlands,81.0,SUB,16.0,74,68,68,86,63,75,75,70,83,82,65,66,65,81,68,81,53,79,81,70,86,81,78,79,77,85,75,82,75,80.71428571428571,72.14285714285714,78.4,66.0
K. Glik,Kamil Glik,2/3/1988,31,190.5,79.8,CB,Poland,82,82,16500000.0,79000.0,Right,3,2,2,Normal,31400000.0,Poland,77.0,RCB,15.0,29,27,85,63,17,51,35,26,59,59,50,52,34,78,51,57,81,67,90,20,86,82,24,23,39,79,80,83,80,82.85714285714286,38.42857142857143,44.6,55.833333333333336
T. Delaney,Thomas Delaney,9/3/1991,27,182.88,78.9,"CDM,CM",Denmark,82,83,21500000.0,61000.0,Left,2,4,3,Normal,38200000.0,Denmark,78.0,LCM,8.0,67,72,83,79,66,73,71,68,78,77,76,78,73,81,74,78,91,90,79,74,84,85,75,77,60,81,80,83,86,82.57142857142857,72.57142857142857,74.8,80.33333333333333
X. Shaqiri,Xherdan Shaqiri,10/10/1991,27,170.18,72.1,"RW,RM,CAM",Switzerland,82,82,24000000.0,140000.0,Left,3,4,5,Shaqiri,44400000.0,Switzerland,77.0,CAM,23.0,79,71,45,82,76,86,88,84,81,84,84,77,84,80,91,87,52,75,73,84,61,55,74,81,65,82,35,49,48,57.57142857142857,71.71428571428571,82.6,77.16666666666667
Mário Fernandes,Mário Figueira Fernandes,9/19/1990,28,187.96,79.8,"RWB,RM",Russia,82,82,18500000.0,1000.0,Right,2,3,3,Lean,40700000.0,Russia,77.0,RB,6.0,74,56,72,82,52,80,66,39,71,79,79,85,79,80,61,71,84,87,75,58,77,78,76,73,53,76,83,82,84,79.28571428571429,62.57142857142857,71.7,79.16666666666667
S. Coates,Sebastián Coates Nión,10/7/1990,28,195.58,92.1,CB,Uruguay,82,83,21000000.0,19000.0,Right,3,3,2,Normal,43600000.0,Sporting CP,78.0,RCB,4.0,17,42,80,70,39,64,39,19,70,62,46,63,32,75,30,50,54,81,94,30,83,80,49,50,65,74,84,85,85,83.57142857142857,50.714285714285715,51.6,51.0
J. Cillessen,Jasper Cillessen,4/22/1989,29,185.42,83.0,GK,Netherlands,82,84,18000000.0,135000.0,Right,3,3,1,Normal,38300000.0,Netherlands,81.0,GK,1.0,17,10,12,50,19,12,10,10,35,32,54,50,48,78,50,35,71,40,67,15,25,25,11,60,21,61,18,12,11,31.285714285714285,17.571428571428573,36.4,52.166666666666664
T. Meunier,Thomas Meunier,9/12/1991,27,190.5,89.8,"RB,RM",Belgium,82,83,21000000.0,87000.0,Right,2,4,3,Normal,40400000.0,Belgium,85.0,RM,15.0,83,76,75,82,79,75,74,56,74,82,74,81,63,80,49,77,72,92,85,78,73,76,80,71,65,78,77,82,80,78.71428571428571,75.71428571428571,74.8,71.83333333333333
H. Maguire,Harry Maguire,3/5/1993,26,193.04,99.8,CB,England,82,85,23500000.0,77000.0,Right,1,3,2,Stocky,46400000.0,England,82.0,LCB,6.0,44,43,87,77,41,70,38,46,72,76,39,54,52,79,58,68,74,68,89,45,84,78,61,60,44,79,81,84,81,82.28571428571429,55.57142857142857,62.2,57.5
A. Florenzi,Alessandro  Florenzi,3/11/1991,27,172.72,67.1,"RB,RW,LW",Italy,82,83,20500000.0,73000.0,Right,3,3,4,Lean,36400000.0,Italy,83.0,RB,16.0,77,70,72,77,87,78,73,79,75,79,86,84,87,80,82,82,74,90,67,82,79,79,82,76,76,80,76,79,78,76.85714285714286,78.71428571428571,77.0,83.83333333333333
A. Milik,Arkadiusz Milik,2/28/1994,25,185.42,78.0,ST,Poland,82,86,29500000.0,77000.0,Left,3,3,4,Lean,52400000.0,Poland,77.0,CF,7.0,58,88,78,63,76,76,71,82,62,79,69,74,68,75,63,85,65,73,80,82,67,36,83,60,79,75,35,34,32,51.285714285714285,81.57142857142857,68.6,68.66666666666667
A. Rüdiger,Antonio Rüdiger,3/3/1993,26,190.5,84.8,CB,Germany,82,84,22500000.0,110000.0,Right,2,3,2,Lean,43300000.0,Germany,85.0,SUB,16.0,68,32,80,75,34,60,35,56,72,69,67,78,59,82,50,72,73,60,82,44,88,80,39,57,40,72,82,85,82,81.57142857142857,48.714285714285715,63.1,64.5
J. Lingard,Jesse Lingard,12/15/1992,26,175.26,62.1,"RW,CAM,CF",England,82,83,26500000.0,150000.0,Right,2,3,4,Lean,52300000.0,England,82.0,SUB,7.0,74,79,67,79,70,84,80,63,66,84,84,82,86,83,86,80,65,89,53,80,73,53,86,82,71,84,65,50,44,60.285714285714285,76.14285714285714,77.7,82.0
J. Martínez,Josef Alexander Martínez,5/19/1993,25,170.18,68.9,ST,Venezuela,82,85,28500000.0,15000.0,Right,1,4,3,Normal,44900000.0,Venezuela,73.0,LS,17.0,53,86,77,68,75,76,68,57,55,79,87,90,91,80,90,81,86,73,74,66,66,20,85,58,70,75,20,20,15,41.42857142857143,77.14285714285714,65.2,86.16666666666667
E. Forsberg,Emil Forsberg,10/23/1991,27,152.4,73.9,"CAM,LM",Sweden,82,83,26000000.0,67000.0,Right,2,4,4,Normal,46200000.0,Sweden,76.0,LM,10.0,84,70,45,85,67,82,81,77,69,87,75,70,81,82,82,73,53,73,62,74,62,43,75,83,66,77,35,26,17,46.0,67.14285714285714,81.3,72.33333333333333
P. Zieliński,Piotr Zieliński,5/20/1994,24,154.94,74.8,"CM,LM",Poland,82,88,30000000.0,70000.0,Right,3,5,4,Lean,57000000.0,Poland,77.0,RCM,20.0,77,68,52,84,75,85,80,65,80,85,82,84,79,76,76,76,54,76,60,82,56,75,77,83,51,75,69,72,71,68.28571428571429,68.71428571428571,79.8,75.16666666666667
D. Rugani,Daniele Rugani,7/29/1994,24,190.5,83.9,CB,Italy,82,86,24500000.0,95000.0,Right,2,3,2,Lean,42300000.0,Italy,83.0,SUB,15.0,40,33,80,65,35,64,45,25,59,65,59,67,59,78,53,58,81,69,79,39,72,86,28,50,36,70,87,86,82,80.28571428571429,44.142857142857146,54.1,64.66666666666667
F. Bernardeschi,Federico Bernardeschi,2/16/1994,25,185.42,77.1,"RM,CF",Italy,82,85,28000000.0,110000.0,Left,2,3,5,Lean,48300000.0,Italy,83.0,SUB,20.0,82,70,50,82,74,86,82,80,72,87,83,83,85,80,82,82,49,80,63,82,52,66,78,80,72,83,65,46,42,59.57142857142857,72.57142857142857,81.1,77.0
R. Jarstein,Rune  Almenning Jarstein,9/29/1984,34,190.5,82.1,GK,Norway,83,83,13000000.0,33000.0,Right,2,4,1,Normal,22100000.0,Norway,75.0,GK,1.0,18,13,16,34,16,11,10,14,34,23,40,46,35,76,45,21,59,31,70,18,34,19,15,37,13,55,12,11,13,30.571428571428573,16.0,29.4,42.666666666666664
K. Schmeichel,Kasper Schmeichel,11/5/1986,32,187.96,88.9,GK,Denmark,83,83,15500000.0,71000.0,Right,2,3,1,Stocky,29500000.0,Denmark,78.0,GK,1.0,18,12,16,44,15,12,13,15,46,40,56,60,62,81,47,36,60,34,64,14,35,20,13,59,26,67,14,14,13,32.42857142857143,18.857142857142858,38.7,53.166666666666664
S. Sirigu,Salvatore Sirigu,1/12/1987,32,193.04,79.8,GK,Italy,83,83,15500000.0,49000.0,Right,3,2,1,Normal,26400000.0,Italy,83.0,SUB,1.0,13,10,11,23,12,15,11,11,28,18,50,51,52,75,55,20,68,34,66,14,34,20,10,55,19,62,14,11,13,31.428571428571427,13.714285714285714,30.4,51.666666666666664
Sokratis,Sokratis Papastathopoulos,6/9/1988,30,185.42,84.8,CB,Greece,83,83,19000000.0,130000.0,Right,3,2,2,Normal,36100000.0,Greece,75.0,RCB,19.0,47,44,85,60,46,58,29,35,51,58,66,75,60,81,64,77,86,69,86,48,88,76,49,45,24,82,85,85,85,83.85714285714286,53.285714285714285,50.9,70.0
D. Payet,Dimitri  Payet,3/29/1987,31,175.26,77.1,"CAM,LM",France,83,83,22500000.0,69000.0,Right,3,4,4,Normal,42800000.0,France,84.0,SUB,18.0,87,78,59,84,77,84,88,82,80,88,75,72,79,75,80,81,48,73,72,80,57,37,79,87,74,84,32,36,39,51.0,75.42857142857143,84.2,71.16666666666667
Rui Patrício,Rui Pedro dos Santos Patrício,2/15/1988,31,190.5,83.9,GK,Portugal,83,83,16500000.0,74000.0,Left,3,2,1,Normal,31400000.0,Portugal,82.0,GK,1.0,12,12,11,31,17,20,10,16,30,23,53,57,61,79,54,38,79,45,77,11,39,22,13,64,32,66,14,13,11,34.57142857142857,19.142857142857142,34.9,58.166666666666664
G. Wijnaldum,Georginio Wijnaldum,11/11/1990,28,175.26,68.9,"CM,CDM",Netherlands,83,83,26500000.0,140000.0,Right,3,3,4,Lean,49000000.0,Netherlands,81.0,CAM,8.0,67,70,72,85,73,84,76,70,78,85,79,76,82,82,84,76,80,87,74,71,69,76,78,78,74,84,74,76,65,74.0,73.42857142857143,78.3,81.33333333333333
B. Leno,Bernd Leno,3/4/1992,27,190.5,83.0,GK,Germany,83,86,22500000.0,105000.0,Right,3,3,1,Normal,44400000.0,Germany,85.0,SUB,12.0,9,9,13,45,10,16,9,8,42,22,46,52,52,77,44,23,73,43,68,14,28,22,7,54,23,66,27,15,18,34.857142857142854,14.142857142857142,33.6,51.666666666666664
K. Casteels,Koen Casteels,6/25/1992,26,198.12,86.2,GK,Belgium,83,85,21500000.0,50000.0,Left,2,2,1,Normal,38200000.0,Belgium,85.0,SUB,13.0,15,15,14,35,13,14,20,13,37,23,44,46,50,82,43,21,58,44,72,18,33,16,15,42,20,40,11,19,17,29.714285714285715,16.571428571428573,32.3,47.5
Pizzi,Luís Miguel Afonso Fernandes,10/6/1989,29,152.4,72.1,CM,Portugal,83,83,25500000.0,22000.0,Right,3,4,3,Lean,51000000.0,SL Benfica,79.0,RM,21.0,79,76,45,83,77,80,83,76,84,82,82,73,77,81,77,75,67,86,59,78,68,70,84,85,76,85,66,66,52,66.57142857142857,73.0,81.8,77.0
Rodrigo,Rodrigo Moreno Machado,3/6/1991,28,182.88,77.1,ST,Spain,83,84,30500000.0,57000.0,Left,2,3,4,Lean,66300000.0,Spain,85.0,SUB,9.0,72,78,80,78,77,82,83,67,58,82,88,91,84,82,77,83,78,78,72,76,60,31,83,74,77,77,44,41,40,52.142857142857146,79.14285714285714,75.2,82.66666666666667
Sergi Roberto,Sergio Roberto Carnicer,2/7/1992,27,152.4,68.0,"RB,RM,CM",Spain,83,84,24500000.0,170000.0,Right,3,3,4,Normal,52100000.0,Spain,85.0,RB,20.0,85,63,72,85,50,80,78,60,78,83,78,79,69,80,74,65,47,88,69,66,68,81,69,83,57,76,75,82,82,76.14285714285714,63.142857142857146,79.5,72.5
F. Acerbi,Francesco Acerbi,2/10/1988,31,193.04,88.0,CB,Italy,83,83,19000000.0,64000.0,Left,2,3,3,Normal,32300000.0,Italy,83.0,SUB,13.0,25,37,80,73,39,65,62,56,77,72,65,55,33,81,35,75,68,81,83,60,73,85,20,65,72,85,87,87,85,83.57142857142857,54.714285714285715,64.1,56.166666666666664
Nacho Fernández,José Ignacio Fernández Iglesias,1/18/1990,29,154.94,76.2,"CB,LB,RB",Spain,83,84,23500000.0,180000.0,Right,2,4,2,Normal,49900000.0,Spain,85.0,SUB,12.0,70,32,82,80,38,55,55,37,61,78,70,79,60,79,68,54,81,78,79,28,78,81,37,53,45,73,75,86,85,79.57142857142857,45.142857142857146,62.1,72.66666666666667
Danilo Pereira,Danilo Luís Hélio Pereira,9/9/1991,27,187.96,83.0,"CDM,CB,CM",Portugal,83,85,26000000.0,21000.0,Right,3,3,3,Normal,54000000.0,FC Porto,81.0,SUB,22.0,50,61,78,82,55,76,48,53,79,78,63,68,58,76,60,76,67,83,89,65,85,84,69,73,52,84,83,84,75,83.42857142857143,65.14285714285714,68.8,66.5
J. Draxler,Julian Draxler,9/20/1993,25,187.96,77.1,"CM,LW,LM,CAM",Germany,83,86,32500000.0,91000.0,Right,3,5,4,Lean,62600000.0,Germany,85.0,SUB,7.0,83,78,65,84,84,88,78,76,79,89,78,77,80,83,75,86,75,69,66,82,48,66,79,84,63,83,39,64,44,58.57142857142857,76.71428571428571,82.8,75.66666666666667
Suso,Jesús Joaquín Fernández Sáez,11/19/1993,25,175.26,69.9,"RW,CF",Spain,83,85,32000000.0,115000.0,Left,3,3,4,Lean,56800000.0,Spain,85.0,SUB,11.0,84,70,50,86,72,88,87,80,75,89,83,77,86,78,84,78,50,77,56,87,23,20,76,84,72,76,50,23,18,38.0,72.14285714285714,83.5,76.16666666666667
T. Hazard,Thorgan Hazard,3/29/1993,25,175.26,68.9,"RW,LW,CF",Belgium,83,84,31000000.0,47000.0,Right,2,3,4,Lean,55000000.0,Belgium,85.0,SUB,16.0,79,76,38,82,80,87,83,79,73,84,86,77,91,82,84,78,60,77,62,78,57,41,84,83,81,77,30,47,38,50.285714285714285,73.57142857142857,81.5,79.16666666666667
J. Stones,John Stones,5/28/1994,24,187.96,69.9,CB,England,83,87,28500000.0,125000.0,Right,2,4,3,Lean,54900000.0,England,82.0,RCB,5.0,62,29,83,81,27,69,47,29,74,80,67,71,61,82,59,46,75,79,77,38,79,81,48,67,44,82,85,85,82,81.57142857142857,45.0,65.8,68.66666666666667
J. Pickford,Jordan Pickford,3/7/1994,25,185.42,77.1,GK,England,83,88,25000000.0,78000.0,Left,1,4,1,Normal,49400000.0,England,82.0,GK,1.0,17,19,15,55,20,14,18,16,55,40,53,44,55,83,55,31,72,45,70,13,30,24,18,68,41,69,16,20,12,34.42857142857143,22.428571428571427,43.4,54.0
A. Robertson,Andrew Robertson,3/11/1994,24,152.4,64.0,LB,Scotland,83,88,29000000.0,110000.0,Left,1,2,3,Lean,55800000.0,Scotland,75.0,LB,3.0,87,57,63,76,32,76,74,30,68,78,83,86,78,83,74,67,62,93,66,60,80,81,66,74,55,79,81,83,78,78.28571428571429,57.142857142857146,72.0,79.33333333333333
L. Hernández,Lucas Hernández,2/14/1996,23,182.88,76.2,"LB,CB",France,83,89,29500000.0,58000.0,Left,1,3,3,Normal,66400000.0,France,84.0,LB,21.0,78,53,82,80,46,65,59,39,63,79,80,84,70,85,67,62,83,86,79,51,86,82,60,61,42,76,78,83,86,81.42857142857143,56.57142857142857,67.0,78.33333333333333
P. Kimpembe,Presnel Kimpembe,8/13/1995,23,187.96,79.8,CB,France,83,89,30500000.0,82000.0,Left,2,3,3,Lean,62500000.0,France,84.0,LCB,3.0,62,31,79,79,33,58,50,32,75,78,75,78,74,79,65,55,77,80,84,39,88,83,39,60,50,80,80,83,83,83.0,46.57142857142857,63.3,74.83333333333333
Louri Beretta,Lourival Adnan Beretta Barbosa,2/29/1992,27,187.96,83.0,"ST,CF",Brazil,83,83,28500000.0,60000.0,Right,1,3,4,Normal,54200000.0,Brazil,81.0,ST,9.0,56,85,83,73,82,75,59,67,47,74,79,83,55,84,55,85,84,56,87,82,65,32,83,58,77,79,26,27,24,48.57142857142857,82.42857142857143,65.1,68.66666666666667
Josué Chiamulera,Josué Durval Chiamulera Vaz,2/29/1992,27,185.42,79.8,CB,Brazil,83,83,22500000.0,43000.0,Right,1,3,2,Normal,40500000.0,Brazil,81.0,LCB,4.0,40,38,83,74,44,56,45,49,61,70,83,78,77,85,68,53,69,76,73,41,88,84,38,42,56,71,85,87,82,81.42857142857143,50.42857142857143,56.4,75.16666666666667
Ronaldo Cabrais,Ronaldo Jailson Cabrais Petri,2/29/1992,27,152.4,74.8,"RW,CAM",Brazil,83,83,28000000.0,51000.0,Right,1,4,4,Normal,50400000.0,Brazil,81.0,RW,7.0,83,74,64,83,76,85,86,78,82,83,88,87,85,84,76,82,64,86,70,78,62,40,82,83,77,81,24,35,33,49.285714285714285,76.14285714285714,83.0,81.0
G. Donnarumma,Gianluigi Donnarumma,2/25/1999,20,195.58,89.8,GK,Italy,83,94,33500000.0,26000.0,Right,3,3,1,Normal,63700000.0,Italy,83.0,GK,22.0,12,12,12,34,8,28,12,14,24,28,46,54,64,74,38,24,72,34,72,18,30,26,14,50,24,68,20,14,16,35.142857142857146,16.0,32.6,51.333333333333336
M. Rashford,Marcus Rashford,10/31/1997,21,185.42,69.9,"ST,LW,RW",England,83,90,37500000.0,130000.0,Right,2,4,5,Lean,78800000.0,England,82.0,LW,11.0,74,79,73,76,72,84,81,80,65,84,90,93,88,82,77,87,68,86,76,79,73,42,84,76,74,76,37,40,33,53.857142857142854,78.28571428571429,77.8,83.66666666666667
M. de Ligt,Matthijs de Ligt,8/12/1999,19,187.96,88.9,CB,Netherlands,83,92,31500000.0,12000.0,Right,2,4,2,Normal,50400000.0,Netherlands,81.0,RCB,3.0,57,53,82,75,40,65,48,55,72,73,62,72,56,80,59,79,80,74,87,64,83,79,44,63,40,78,84,84,78,81.85714285714286,57.42857142857143,65.1,67.16666666666667
Falcao,Radamel Falcao García Zárate,2/10/1986,33,152.4,72.1,ST,Colombia,84,84,25000000.0,115000.0,Right,3,4,3,Normal,47500000.0,Colombia,79.0,RS,9.0,55,86,89,79,84,75,83,73,58,82,69,66,76,85,75,79,91,68,75,80,75,41,88,70,81,87,39,42,19,54.0,83.85714285714286,73.0,74.16666666666667
Y. Sommer,Yann Sommer,12/17/1988,30,182.88,78.9,GK,Switzerland,84,85,24000000.0,39000.0,Right,3,4,1,Normal,42600000.0,Switzerland,77.0,GK,1.0,13,13,10,40,8,15,12,13,31,25,48,54,55,81,58,23,73,45,68,12,38,21,15,58,24,57,9,19,12,32.0,15.0,34.6,55.5
A. Sánchez,Alexis Alejandro Sánchez Sánchez,12/19/1988,30,170.18,62.1,"LW,LM",Chile,84,84,30500000.0,195000.0,Right,4,3,4,Normal,58000000.0,Chile,77.0,RW,7.0,77,79,70,76,83,85,79,78,75,86,86,79,90,81,87,83,87,83,72,80,79,46,83,81,74,83,38,44,35,56.714285714285715,78.85714285714286,79.9,85.33333333333333
I. Gündoğan,İlkay Gündoğan,10/24/1990,28,154.94,79.8,"CM,CDM",Germany,84,84,32000000.0,175000.0,Right,3,4,4,Normal,59200000.0,Germany,85.0,SUB,21.0,74,74,50,88,75,85,81,74,84,86,67,68,78,85,78,77,61,69,72,73,70,77,79,86,76,87,72,68,64,72.85714285714286,72.0,82.9,70.16666666666667
K. Walker,Kyle Walker,5/28/1990,28,182.88,69.9,RB,England,84,84,24500000.0,165000.0,Right,3,2,2,Normal,45300000.0,England,82.0,RB,2.0,81,51,74,78,57,79,76,71,75,78,86,93,67,83,72,86,83,89,77,69,78,81,67,69,63,75,78,84,83,79.42857142857143,66.71428571428571,75.9,81.66666666666667
L. Hrádecký,Lukáš Hrádecký,11/24/1989,29,193.04,84.8,GK,Finland,84,84,22000000.0,74000.0,Right,2,3,1,Lean,37400000.0,Finland,70.0,SUB,1.0,11,11,11,15,9,10,11,15,20,20,38,44,43,83,39,14,69,34,55,14,31,18,9,53,20,48,10,10,13,26.428571428571427,12.571428571428571,29.1,44.5
N. Otamendi,Nicolás Hernán Otamendi,2/12/1988,31,182.88,81.2,CB,Argentina,84,84,23000000.0,160000.0,Right,3,3,2,Normal,42600000.0,Argentina,82.0,SUB,6.0,52,54,84,75,57,51,50,39,72,70,57,61,64,78,62,69,92,67,80,56,91,83,51,53,45,80,83,84,84,83.57142857142857,59.42857142857143,59.3,67.16666666666667
Iago Aspas,Iago Aspas Juncal,8/1/1987,31,175.26,67.1,"ST,RW",Spain,84,84,30000000.0,45000.0,Left,2,3,3,Lean,63000000.0,Spain,85.0,ST,17.0,80,88,78,79,83,86,80,76,64,85,85,78,87,85,74,79,68,75,60,82,63,39,86,75,82,85,39,21,18,46.42857142857143,82.57142857142857,78.5,77.83333333333333
J. Cuadrado,Juan Cuadrado,5/26/1988,30,152.4,72.1,"RM,RW",Colombia,84,84,29500000.0,150000.0,Right,3,3,5,Lean,48700000.0,Colombia,79.0,RAM,11.0,80,67,58,80,70,90,78,69,69,85,89,93,91,80,82,84,75,78,61,80,78,62,78,76,65,80,63,70,74,69.71428571428571,71.71428571428571,78.3,84.66666666666667
D. Alaba,David Olatukunbo Alaba,6/24/1992,26,154.94,76.2,"LB,CB",Austria,84,86,30500000.0,98000.0,Left,4,4,3,Lean,52600000.0,Austria,77.0,SUB,8.0,81,63,75,82,68,79,78,84,79,82,79,86,79,83,77,83,82,85,71,82,69,82,76,77,79,79,80,81,79,77.28571428571429,75.14285714285714,80.2,81.33333333333333
S. de Vrij,Stefan de Vrij,2/5/1992,27,187.96,78.0,CB,Netherlands,84,86,31500000.0,88000.0,Right,3,4,2,Normal,55900000.0,Netherlands,81.0,SUB,14.0,49,25,80,71,27,63,45,16,71,71,67,69,61,80,59,65,76,66,80,60,78,87,32,59,41,82,88,87,83,83.57142857142857,47.142857142857146,58.4,66.33333333333333
M. Depay,Memphis Depay,2/13/1994,25,175.26,78.0,"CF,LW,CAM",Netherlands,84,88,41000000.0,93000.0,Right,3,3,5,Stocky,81000000.0,Netherlands,81.0,ST,10.0,82,78,65,80,74,84,85,88,74,85,87,87,82,79,79,87,74,79,80,81,75,28,83,85,71,78,29,31,20,48.714285714285715,77.0,82.7,81.33333333333333
F. Thauvin,Florian Thauvin,1/26/1993,26,152.4,69.9,"RM,RW",France,84,85,37000000.0,72000.0,Left,2,3,4,Normal,73100000.0,France,84.0,SUB,20.0,83,81,75,83,74,85,86,72,76,86,87,80,86,83,71,83,76,83,66,82,56,42,83,80,74,82,46,29,31,50.285714285714285,78.85714285714286,81.4,80.5
Pepe,Képler Laveran Lima Ferreira,2/26/1983,36,187.96,81.2,CB,Portugal,85,85,9000000.0,18000.0,Right,4,3,2,Lean,18000000.0,FC Porto,81.0,LCB,33.0,46,46,80,70,23,58,44,47,61,62,65,70,63,83,49,63,76,60,86,56,92,85,40,48,57,79,86,85,82,85.0,52.142857142857146,56.7,63.833333333333336
V. Kompany,Vincent Kompany,4/10/1986,32,190.5,84.8,CB,Belgium,85,85,22000000.0,170000.0,Right,4,3,2,Normal,40700000.0,Belgium,85.0,CB,4.0,61,45,83,73,46,63,61,52,66,70,50,57,55,86,41,73,72,65,87,55,87,82,41,59,63,80,86,85,84,84.42857142857143,58.0,65.0,56.666666666666664
B. Matuidi,Blaise Matuidi,4/9/1987,31,154.94,74.8,"CDM,CM",France,85,85,26000000.0,145000.0,Left,3,2,2,Lean,42900000.0,France,84.0,LM,14.0,75,64,68,83,72,78,65,52,77,79,79,77,83,84,79,78,84,94,76,70,86,86,72,76,56,82,85,84,86,83.57142857142857,68.57142857142857,74.5,82.66666666666667
A. Witsel,Axel  Witsel,1/12/1989,30,187.96,81.2,"CDM,CM",Belgium,85,85,30000000.0,84000.0,Right,3,4,4,Lean,51000000.0,Belgium,85.0,LCM,6.0,69,71,81,89,77,78,69,68,84,84,67,73,77,85,63,78,76,86,82,77,81,80,75,80,83,92,83,80,85,83.28571428571429,77.42857142857143,78.6,73.66666666666667
A. Vidal,Arturo Vidal,5/22/1987,31,154.94,74.8,"CM,CDM",Chile,85,85,33000000.0,225000.0,Right,4,4,3,Normal,67700000.0,Chile,77.0,CAM,8.0,76,75,82,83,78,77,76,68,82,83,67,62,74,84,75,86,85,85,79,85,93,84,83,82,81,81,82,86,86,84.42857142857143,81.42857142857143,79.3,74.66666666666667
J. Boateng,Jérôme Boateng,9/3/1988,30,193.04,89.8,CB,Germany,85,85,30000000.0,115000.0,Right,4,4,2,Stocky,49500000.0,Germany,85.0,RCB,17.0,69,34,85,75,52,64,53,31,83,70,67,72,56,82,52,78,74,69,91,58,81,81,47,75,46,84,84,87,87,85.0,57.142857142857146,67.7,65.0
K. Manolas,Kostas Manolas,6/14/1991,27,187.96,83.0,CB,Greece,85,86,36500000.0,96000.0,Right,3,2,2,Normal,64800000.0,Greece,75.0,LCB,4.0,27,10,80,60,16,54,30,10,61,65,82,85,68,82,59,40,86,76,82,12,86,86,25,22,26,82,87,87,89,85.57142857142857,29.857142857142858,43.3,76.0
Koke,Jorge Resurrección Merodio,1/8/1992,27,175.26,73.9,"LM,CM,RM",Spain,85,85,41500000.0,88000.0,Right,3,4,3,Normal,85100000.0,Spain,85.0,SUB,8.0,86,72,61,89,56,80,85,76,87,85,71,68,74,87,82,84,63,92,77,81,76,72,82,87,59,84,73,73,64,74.14285714285714,70.71428571428571,84.9,75.0
Carvajal,Daniel Carvajal Ramos,1/11/1992,27,172.72,73.0,RB,Spain,85,86,36500000.0,205000.0,Right,3,3,3,Stocky,77600000.0,Spain,85.0,SUB,2.0,84,41,70,83,34,78,74,47,74,84,80,85,81,84,83,64,76,89,74,36,84,83,72,70,45,82,83,83,85,82.0,51.714285714285715,74.8,82.33333333333333
Saúl,Saúl Ñíguez Esclápez,11/21/1994,24,182.88,77.1,"CM,LM,RM",Spain,85,90,50500000.0,77000.0,Left,3,4,3,Lean,107300000.0,Spain,85.0,RCM,6.0,69,78,83,85,76,80,72,60,83,85,74,73,76,82,69,82,79,86,77,81,69,78,82,82,55,83,77,77,76,76.71428571428571,76.71428571428571,78.0,76.16666666666667
D. Alli,Bamidele Alli,4/11/1996,22,187.96,79.8,CAM,England,85,90,51500000.0,125000.0,Right,3,3,4,Lean,99100000.0,England,82.0,LCM,20.0,69,83,83,85,79,83,75,68,80,86,73,76,76,86,62,78,67,90,71,80,84,74,88,85,74,87,70,70,63,74.14285714285714,80.71428571428571,80.2,74.0
L. Bonucci,Leonardo Bonucci,5/1/1987,31,190.5,84.8,CB,Italy,86,86,30000000.0,160000.0,Right,3,3,2,Lean,49500000.0,Italy,83.0,RCB,19.0,44,48,86,77,58,69,56,61,85,75,57,65,60,84,52,74,85,71,83,65,82,90,38,74,70,86,90,86,80,85.28571428571429,62.714285714285715,69.9,65.0
Azpilicueta,César Azpilicueta Tanco,8/28/1989,29,152.4,76.2,"RB,CB",Spain,86,86,35000000.0,175000.0,Right,3,3,2,Normal,64800000.0,Spain,85.0,SUB,14.0,81,46,76,81,51,69,68,58,80,77,76,76,72,88,73,68,76,87,71,60,82,89,62,74,66,78,88,90,86,83.42857142857143,61.285714285714285,75.0,76.66666666666667
W. Szczęsny,Wojciech  Szczęsny,4/18/1990,28,195.58,89.8,GK,Poland,86,88,37000000.0,135000.0,Right,3,3,1,Lean,63800000.0,Poland,77.0,GK,1.0,12,12,16,32,14,11,16,14,36,22,51,47,55,82,51,15,71,45,65,14,40,15,14,48,18,65,20,13,12,32.857142857142854,14.714285714285714,32.1,53.333333333333336
T. Müller,Thomas Müller,9/13/1989,29,185.42,74.8,"CAM,RM,RW,CF",Germany,86,86,45000000.0,135000.0,Right,4,4,3,Lean,74300000.0,Germany,85.0,SUB,13.0,79,87,82,83,84,75,81,59,72,82,73,75,75,91,72,78,81,87,68,80,57,58,92,85,60,83,44,41,44,56.42857142857143,80.42857142857143,79.2,77.16666666666667
R. Lukaku,Romelu Lukaku,5/13/1993,25,190.5,93.9,ST,Belgium,86,88,55000000.0,215000.0,Left,3,3,3,Stocky,108600000.0,Belgium,85.0,ST,9.0,72,86,85,76,77,78,74,66,73,71,75,90,60,86,46,88,71,81,94,74,71,27,87,73,78,83,30,30,30,52.142857142857146,82.14285714285714,74.2,70.5
M. Verratti,Marco Verratti,11/5/1992,26,165.1,59.9,"CM,CDM",Italy,86,89,55000000.0,135000.0,Right,3,4,4,Normal,105900000.0,Italy,83.0,LCM,6.0,72,60,55,90,64,90,73,64,89,88,69,62,90,85,94,56,64,77,52,58,89,84,71,87,64,95,78,83,80,80.14285714285714,61.142857142857146,82.5,76.0
R. Varane,Raphaël Varane,4/25/1993,25,190.5,81.2,CB,France,86,91,50000000.0,210000.0,Right,3,3,2,Lean,106300000.0,France,84.0,RCB,4.0,36,40,83,75,42,57,46,54,76,77,83,85,63,83,40,52,79,73,84,53,77,82,44,56,43,84,87,88,87,84.14285714285714,51.0,61.6,70.5
J. Kimmich,Joshua Kimmich,2/8/1995,24,175.26,69.9,"RB,CM,CDM",Germany,86,88,45000000.0,100000.0,Right,3,4,3,Lean,77600000.0,Germany,85.0,RCM,18.0,91,66,74,87,67,80,81,61,83,85,78,68,84,86,83,75,79,94,64,69,79,80,80,79,44,82,75,81,79,77.14285714285714,67.85714285714286,81.2,81.0
Bernardo Silva,Bernardo Mota Veiga de Carvalho e Silva,8/10/1994,24,172.72,64.0,"CAM,CM,RW,RM",Portugal,86,91,59500000.0,180000.0,Left,2,3,4,Lean,114500000.0,Portugal,82.0,RW,11.0,85,75,51,85,69,92,83,67,79,91,86,77,90,82,88,70,50,86,50,72,62,49,83,86,68,86,49,52,40,55.42857142857143,69.71428571428571,83.6,79.5
L. Sané,Leroy Sané,1/11/1996,23,182.88,74.8,LW,Germany,86,92,61000000.0,195000.0,Left,2,3,4,Lean,125100000.0,Germany,85.0,LW,19.0,83,81,72,79,85,88,83,82,64,85,93,96,88,81,81,87,64,79,70,78,61,34,84,82,71,80,36,32,35,49.714285714285715,79.71428571428571,80.9,83.5
R. Sterling,Raheem Sterling,12/8/1994,24,170.18,68.9,"RW,LW",England,87,89,62000000.0,210000.0,Right,3,3,4,Lean,119400000.0,England,82.0,RW,10.0,78,79,38,84,67,88,72,63,69,87,95,92,94,87,93,76,57,78,52,75,38,30,89,79,69,79,47,58,54,51.142857142857146,70.42857142857143,78.6,84.83333333333333
H. Lloris,Hugo Lloris,12/26/1986,32,187.96,82.1,GK,France,88,88,36000000.0,150000.0,Left,4,1,1,Lean,66600000.0,France,84.0,GK,1.0,13,10,10,50,11,10,11,10,50,34,65,62,55,85,54,23,74,41,43,14,31,27,10,30,40,65,29,10,18,31.857142857142858,16.857142857142858,32.3,58.5
G. Bale,Gareth Frank Bale,7/16/1989,29,185.42,82.1,"RW,LW,ST",Wales,88,88,60000000.0,355000.0,Left,4,3,4,Lean,123000000.0,Wales,75.0,ST,11.0,87,86,84,85,85,87,90,87,80,85,94,95,82,85,65,92,87,75,80,91,65,59,85,79,76,86,54,55,52,64.42857142857143,85.57142857142857,84.4,83.0
M. Hummels,Mats  Hummels,12/16/1988,30,190.5,92.1,CB,Germany,88,88,46000000.0,160000.0,Right,4,3,3,Normal,75900000.0,Germany,85.0,LCB,5.0,64,55,87,81,60,68,65,53,85,81,53,62,63,87,60,71,68,66,84,51,69,92,56,79,68,91,88,90,88,86.0,64.0,74.2,62.0
M. Reus,Marco Reus,5/31/1989,29,154.94,71.2,"CAM,LM,ST",Germany,88,88,58000000.0,130000.0,Right,4,4,4,Lean,98600000.0,Germany,85.0,SUB,11.0,82,87,49,86,90,87,89,84,79,87,86,84,86,88,82,88,70,76,67,86,51,48,88,86,89,85,49,36,45,54.42857142857143,82.42857142857143,85.4,80.66666666666667
N. Kanté,N'Golo Kanté,3/29/1991,27,167.64,72.1,"CDM,CM",France,89,90,63000000.0,225000.0,Right,3,3,2,Normal,121300000.0,France,84.0,LDM,13.0,68,65,54,86,56,79,49,49,81,80,82,78,82,93,92,71,77,97,76,69,90,92,71,80,54,85,90,91,85,87.0,62.857142857142854,74.5,84.66666666666667
G. Chiellini,Giorgio Chiellini,8/14/1984,34,187.96,84.8,CB,Italy,90,90,31000000.0,225000.0,Left,4,3,2,Normal,51200000.0,Italy,83.0,LCB,3.0,58,33,83,59,45,58,60,31,59,57,63,75,54,82,55,78,89,65,89,49,92,88,28,50,50,84,94,93,90,90.0,52.285714285714285,56.4,66.83333333333333
Sergio Ramos,Sergio Ramos García,3/30/1986,32,182.88,82.1,CB,Spain,90,90,44000000.0,310000.0,Right,4,3,3,Normal,90200000.0,Spain,85.0,RCB,15.0,66,63,91,80,69,65,74,72,83,83,76,75,78,88,66,79,93,84,83,62,90,88,67,69,82,84,87,89,90,87.28571428571429,73.28571428571429,74.9,78.66666666666667
D. Godín,Diego Godín,2/16/1986,33,187.96,78.0,CB,Uruguay,90,90,44000000.0,125000.0,Right,3,3,2,Lean,90200000.0,Uruguay,81.0,RCB,3.0,55,42,92,79,47,53,49,51,70,76,64,62,58,85,54,67,91,66,88,43,89,88,48,52,50,82,90,89,89,87.85714285714286,55.57142857142857,62.2,65.83333333333333
T. Kroos,Toni Kroos,1/4/1990,29,182.88,76.2,CM,Germany,90,90,76500000.0,355000.0,Right,4,5,3,Normal,156800000.0,Germany,85.0,LCM,8.0,88,76,58,92,82,81,86,84,93,90,64,62,70,89,71,87,30,75,73,89,60,76,78,90,73,88,72,74,66,72.71428571428571,77.57142857142857,88.3,62.0
R. Lewandowski,Robert Lewandowski,8/21/1988,30,182.88,79.8,ST,Poland,90,90,77000000.0,205000.0,Right,4,4,4,Normal,127100000.0,Poland,77.0,ST,9.0,62,91,85,83,89,85,77,86,65,89,77,78,78,90,79,88,84,78,84,84,80,39,91,77,86,86,34,42,19,54.857142857142854,87.71428571428571,79.1,79.0
J. Oblak,Jan Oblak,1/7/1993,26,187.96,87.1,GK,Slovenia,90,93,68000000.0,94000.0,Right,3,3,1,Normal,144500000.0,Slovenia,75.0,SUB,1.0,13,11,15,29,13,12,13,14,26,16,43,60,67,86,49,22,76,41,78,12,34,19,11,65,11,70,27,12,18,36.857142857142854,13.571428571428571,33.9,56.0
H. Kane,Harry Kane,7/28/1993,25,187.96,88.9,ST,England,90,92,96500000.0,210000.0,Right,3,4,3,Normal,185800000.0,England,82.0,ST,9.0,75,94,86,82,85,80,78,68,83,84,68,72,71,91,73,88,79,89,84,86,78,35,93,81,90,91,56,36,38,59.714285714285715,88.85714285714286,80.3,75.33333333333333
L. Suárez,Luis Alberto Suárez Díaz,1/24/1987,32,182.88,86.2,ST,Uruguay,91,91,80000000.0,455000.0,Right,5,4,3,Normal,164000000.0,Uruguay,81.0,RS,9.0,77,92,82,82,90,86,86,84,69,88,83,73,82,92,83,86,69,90,83,85,87,41,92,84,85,85,62,45,38,63.0,87.42857142857143,83.2,80.0
E. Hazard,Eden Hazard,1/7/1991,28,172.72,76.2,"LW,CF",Belgium,91,91,93000000.0,340000.0,Right,4,4,4,Normal,172100000.0,Belgium,85.0,LF,10.0,81,84,61,89,80,95,83,79,83,94,94,88,95,90,94,82,56,83,66,80,54,41,87,89,86,91,34,27,22,47.857142857142854,80.0,87.2,85.0
K. De Bruyne,Kevin De Bruyne,6/28/1991,27,154.94,69.9,"CAM,CM",Belgium,91,92,102000000.0,355000.0,Right,4,5,4,Normal,196400000.0,Belgium,85.0,RCM,7.0,93,82,55,92,82,86,85,83,91,91,78,76,79,91,77,91,63,89,75,91,76,61,87,94,79,90,68,58,51,68.42857142857143,81.0,90.0,77.0
De Gea,David De Gea Quintana,11/7/1990,28,193.04,76.2,GK,Spain,91,93,72000000.0,260000.0,Right,4,3,1,Lean,142200000.0,Spain,85.0,GK,1.0,17,13,21,50,13,18,21,19,51,38,57,58,62,90,43,31,67,43,64,12,38,30,12,68,40,70,25,21,13,37.285714285714285,20.285714285714285,44.0,55.0
Neymar Jr,Neymar da Silva Santos Junior,2/5/1992,27,175.26,68.0,"LW,CAM",Brazil,92,92,108000000.0,290000.0,Right,5,5,5,Neymar,199800000.0,Brazil,81.0,LW,10.0,83,87,62,84,84,96,88,87,80,95,94,90,96,94,84,80,61,81,49,82,56,36,89,88,81,94,27,24,33,45.57142857142857,80.71428571428571,88.3,84.33333333333333
Cristiano Ronaldo,Cristiano Ronaldo dos Santos Aveiro,2/5/1985,34,187.96,83.0,"ST,LW",Portugal,94,94,77000000.0,405000.0,Right,5,4,5,C. Ronaldo,127100000.0,Portugal,82.0,ST,7.0,84,94,89,81,87,88,81,76,77,94,89,91,87,96,70,95,95,88,79,93,63,29,95,82,85,95,28,31,23,49.714285714285715,91.14285714285714,84.1,86.66666666666667
